tmID,year,confID,playoff,last_year_rank,last_year_o_fga,last_year_o_fta,last_year_o_3pa,last_year_o_reb,last_year_o_asts,last_year_o_pf,last_year_o_stl,last_year_o_to,last_year_o_blk,last_year_o_pts,last_year_d_fga,last_year_d_fta,last_year_d_3pa,last_year_d_reb,last_year_d_asts,last_year_d_pf,last_year_d_stl,last_year_d_to,last_year_d_blk,last_year_d_pts,last_year_won,last_year_lost,last_year_GP,last_year_homeW,last_year_homeL,last_year_awayW,last_year_awayL,last_year_confW,last_year_confL,last_year_min,last_year_post_W,last_year_post_L,avg_player_height,avg_player_weight,avg_player_age,avg_player_last_3_years_sum_awards,avg_player_all_time_sum_awards,avg_team_last_year_allPoints,avg_team_last_year_allRebounds,avg_team_last_year_allAssists,avg_team_last_year_allSteals,avg_team_last_year_allBlocks,avg_team_last_year_allFG,avg_team_last_year_allFTA,avg_team_last_year_allFT,avg_team_last_year_allTO,avg_team_last_year_allPF,avg_team_last_year_allFGA,avg_team_last_year_allTR,avg_team_last_year_allTRA,avg_team_last_year_allMinutes,num_players_joined,num_players_left,num_players_changed_team,award_points_coach,last_year_mean_wins_coach
ATL,9,EA,N,3.5,2079.8,640.9,502.7,1077.6,520.7,619.8,253.4,524.2,115.4,2418.4,2079.8,640.9,502.7,1077.6,520.7,619.8,253.4,524.2,115.4,2418.4,15.8,15.8,31.6,8.6,7.2,7.2,8.6,9.8,9.8,6389.1,1.5,1.5,72.25,173.33333333333334,24.833333333333332,3.5,3.5,198.75160256410257,69.46314102564104,38.322916666666664,20.034455128205128,7.391426282051282,70.47596153846153,52.44070512820513,39.959535256410255,39.932291666666664,55.25961538461539,166.2011217948718,17.84014423076923,49.14463141025641,510.5376602564102,14.0,9.0,23.0,0.0,1.026700788277524
ATL,10,EA,Y,7.0,2258.0,725.0,598.0,1077.0,492.0,796.0,285.0,593.0,142.0,2534.0,2254.0,918.0,502.0,1265.0,684.0,726.0,310.0,561.0,134.0,2879.0,4.0,30.0,34.0,1.0,16.0,3.0,14.0,2.0,18.0,6825.0,1.6,1.6,72.0,173.58333333333334,25.25,3.5,3.5,193.09792626728108,77.52880184331798,35.96505376344086,17.913594470046082,8.501536098310291,62.70814132104454,63.29185867895546,49.99923195084485,44.31797235023041,54.36136712749616,169.50192012288787,17.682411674347158,55.12403993855607,526.8652073732719,8.0,13.0,21.0,1.0,0.13333333333333333
ATL,11,EA,-1,2.0,2428.0,755.0,374.0,1259.0,547.0,741.0,329.0,590.0,121.0,2861.0,2363.0,807.0,530.0,1174.0,615.0,700.0,347.0,601.0,133.0,2797.0,18.0,16.0,34.0,12.0,5.0,6.0,11.0,10.0,12.0,6950.0,1.5,2.0,71.76923076923077,162.92307692307693,27.46153846153846,0.0,0.0,241.4467455621302,98.18639053254438,54.75,29.181952662721894,16.867603550295858,90.06804733727812,67.62426035502959,48.50813609467456,46.52884615384615,56.603550295857985,203.64349112426038,12.802514792899409,41.376479289940825,638.3062130177515,0.0,0.0,0.0,0.0,1.0
CHA,1,EA,N,0.0,0.0,0.0,0.0,0.0,0.0,0.0,0.0,0.0,0.0,0.0,0.0,0.0,0.0,0.0,0.0,0.0,0.0,0.0,0.0,0.0,0.0,0.0,0.0,0.0,0.0,0.0,0.0,0.0,0.0,0.0,0.0,0.0,72.54545454545455,169.1818181818182,26.636363636363637,0.0,0.0,199.02727272727273,79.36262626262625,40.42323232323233,22.246464646464645,7.280808080808081,73.25151515151515,52.63737373737374,35.915151515151514,40.2969696969697,54.676767676767675,178.50505050505052,16.60909090909091,49.04747474747475,574.079797979798,13.0,8.0,21.0,0.0,0.0
CHA,2,EA,Y,8.0,1903.0,577.0,386.0,935.0,551.0,713.0,222.0,496.0,90.0,2186.0,1930.0,716.0,423.0,990.0,596.0,596.0,259.0,426.0,123.0,2429.0,8.0,24.0,32.0,5.0,11.0,3.0,13.0,5.0,16.0,6475.0,1.0,1.0,73.0,175.16666666666666,26.166666666666668,0.0,0.0,229.62524950099802,99.96307385229541,64.32684630738522,26.10379241516966,12.018463073852296,80.97105788423154,60.23652694610778,46.14171656686627,55.75798403193613,70.36626746506987,198.63822355289423,21.541417165668662,62.97305389221557,686.9595808383234,7.0,3.0,10.0,0.0,0.391304347826087
CHA,3,EA,Y,4.0,1780.0,528.0,428.0,948.0,467.0,605.0,217.0,474.0,114.0,2055.0,1846.0,562.0,369.0,911.0,443.0,579.0,257.0,447.0,124.0,2009.0,18.0,14.0,32.0,11.0,5.0,7.0,9.0,15.0,6.0,6500.0,4.0,4.0,71.33333333333333,166.66666666666666,25.133333333333333,0.0,0.0,178.99250936329588,75.50337078651685,42.77003745318352,18.783520599250938,11.64194756554307,64.01198501872659,50.77078651685393,36.005992509363296,42.05243445692884,52.10187265917603,163.18501872659175,14.962546816479401,44.76704119850187,556.3932584269663,4.0,6.0,10.0,0.0,1.2222222222222223
CHA,4,EA,Y,2.0,1790.0,663.0,527.0,955.0,496.0,647.0,241.0,408.0,105.0,2241.0,1807.0,598.0,372.0,915.0,489.0,600.0,208.0,424.0,103.0,2133.0,18.0,14.0,32.0,11.0,5.0,7.0,9.0,12.0,9.0,6450.0,1.1,2.0,72.0,170.0909090909091,24.454545454545453,0.0,0.0,180.63484848484848,79.01060606060607,39.76969696969697,19.5530303030303,12.816666666666665,66.98636363636363,50.375757575757575,36.21212121212122,42.85151515151515,54.24848484848485,161.56060606060606,10.450000000000001,29.219696969696972,516.8075757575757,4.0,4.0,8.0,0.0,1.1247610404731148
CHA,5,EA,N,2.0,1881.0,590.0,517.0,971.0,499.0,697.0,279.0,497.0,115.0,2217.0,1902.0,667.0,407.0,1007.0,491.0,606.0,264.0,469.0,104.0,2195.0,18.0,16.0,34.0,13.0,4.0,5.0,12.0,12.0,12.0,6850.0,1.4,2.0,71.41666666666667,162.5,24.083333333333332,7.0,7.0,243.5582851637765,88.86127167630059,52.39884393063584,18.98795761078998,7.992292870905588,88.39643545279382,63.52408477842004,48.9383429672447,46.23265895953757,53.48025048169557,206.60404624277456,17.827071290944122,48.76541425818883,616.0221579961463,7.0,7.0,14.0,0.0,1.0
CHA,6,EA,N,5.0,1744.0,590.0,459.0,872.0,426.0,648.0,210.0,479.0,134.0,2092.0,1932.0,587.0,349.0,996.0,516.0,595.0,243.0,437.0,114.0,2168.0,16.0,18.0,34.0,10.0,7.0,6.0,11.0,8.0,12.0,6900.0,1.5,1.5,71.15384615384616,168.0,24.692307692307693,0.0,0.0,258.03162827020697,107.72042171026942,61.64818430300664,25.305349472862165,8.283092541975792,95.06911362748927,62.84342053885201,48.532213978914484,50.70753611870363,59.354549004295194,220.87661069894574,19.36118703631394,55.10659898477157,651.6157750878563,9.0,9.0,18.0,0.0,1.1908263305322129
CHA,6,EA,N,5.0,1744.0,590.0,459.0,872.0,426.0,648.0,210.0,479.0,134.0,2092.0,1932.0,587.0,349.0,996.0,516.0,595.0,243.0,437.0,114.0,2168.0,16.0,18.0,34.0,10.0,7.0,6.0,11.0,8.0,12.0,6900.0,1.5,1.5,71.15384615384616,168.0,24.692307692307693,0.0,0.0,258.03162827020697,107.72042171026942,61.64818430300664,25.305349472862165,8.283092541975792,95.06911362748927,62.84342053885201,48.532213978914484,50.70753611870363,59.354549004295194,220.87661069894574,19.36118703631394,55.10659898477157,651.6157750878563,9.0,9.0,18.0,0.0,0.8888888888888888
CHA,7,EA,N,6.0,1913.0,624.0,301.0,925.0,493.0,727.0,284.0,535.0,113.0,2095.0,1888.0,713.0,339.0,1055.0,496.0,654.0,269.0,534.0,146.0,2335.0,6.0,28.0,34.0,5.0,12.0,1.0,16.0,4.0,16.0,6945.0,1.2,1.2,72.54545454545455,169.1818181818182,26.636363636363637,0.0,0.0,199.02727272727273,79.36262626262625,40.42323232323233,22.246464646464645,7.280808080808081,73.25151515151515,52.63737373737374,35.915151515151514,40.2969696969697,54.676767676767675,178.50505050505052,16.60909090909091,49.04747474747475,574.079797979798,5.0,12.0,17.0,0.0,0.42857142857142855
CHI,7,EA,N,3.5,1826.5,603.9,374.7,951.3,473.3,622.9,234.4,460.9,113.1,2124.3,1826.5,603.9,374.7,951.3,473.3,622.9,234.4,460.9,113.1,2124.3,15.8,15.8,31.6,10.2,5.6,5.6,10.2,9.8,9.8,6369.3,1.2,1.2,71.5,166.58333333333334,26.692307692307693,0.0,0.0,232.6692662176533,114.02942219071252,52.64019851116625,22.834810350939385,16.313364055299537,84.84544487770293,71.53917050691244,53.45870258773485,49.86635944700461,66.02658631690889,196.00708968450905,9.519673874512584,29.76568592697625,690.7330733782346,15.0,10.0,25.0,0.0,1.133720939554273
CHI,8,EA,N,7.0,2175.0,643.0,536.0,1037.0,509.0,674.0,277.0,527.0,125.0,2322.0,2147.0,736.0,536.0,1239.0,623.0,584.0,262.0,535.0,120.0,2687.0,5.0,29.0,34.0,3.0,14.0,2.0,15.0,4.0,16.0,6800.0,1.5,1.5,71.28571428571429,168.92857142857142,27.642857142857142,5.0,10.5,232.3052936910805,105.23168963016678,47.44887599709934,23.784263959390863,9.841914430746916,84.47135605511241,62.45068890500363,48.59137055837563,49.3665699782451,59.600435097897034,198.37599709934736,14.771211022480058,42.065989847715734,592.547860768673,9.0,8.0,17.0,0.0,1.1367835328367561
CHI,9,EA,N,6.0,2277.0,723.0,544.0,1165.0,597.0,634.0,262.0,510.0,112.0,2525.0,2243.0,642.0,481.0,1225.0,584.0,683.0,242.0,566.0,138.0,2611.0,14.0,20.0,34.0,6.0,11.0,8.0,9.0,6.0,14.0,6972.0,1.5,1.5,72.16666666666667,172.91666666666666,26.0,0.0,0.0,219.65555555555557,97.12878787878788,49.50353535353535,23.157575757575756,8.545454545454545,78.58131313131314,73.73787878787878,50.12373737373738,50.71111111111111,74.91818181818182,194.33080808080808,12.36919191919192,38.928282828282825,611.9277777777778,7.0,7.0,14.0,0.0,1.026700788277524
CHI,10,EA,N,5.0,2100.0,812.0,341.0,1127.0,548.0,639.0,269.0,525.0,149.0,2472.0,2203.0,655.0,508.0,1160.0,531.0,681.0,255.0,522.0,124.0,2510.0,12.0,22.0,34.0,8.0,9.0,4.0,13.0,10.0,10.0,6875.0,1.6,1.6,72.46153846153847,169.46153846153845,25.846153846153847,0.0,0.0,0.0,0.0,0.0,0.0,0.0,0.0,0.0,0.0,0.0,0.0,0.0,0.0,0.0,0.0,6.0,12.0,18.0,0.0,0.5454545454545454
CHI,11,EA,-1,5.0,2136.0,693.0,471.0,1083.0,532.0,605.0,249.0,532.0,138.0,2573.0,2269.0,613.0,593.0,1156.0,610.0,636.0,273.0,489.0,121.0,2693.0,16.0,18.0,34.0,12.0,5.0,4.0,13.0,10.0,12.0,6825.0,1.5,1.6,71.83333333333333,169.66666666666666,27.25,2.5,5.5,206.9986111111111,84.6763888888889,41.03888888888889,22.67361111111111,7.665277777777778,75.15416666666667,53.59444444444444,38.69444444444445,36.94722222222222,60.144444444444446,181.5972222222222,17.995833333333334,53.86805555555555,609.4069444444444,0.0,0.0,0.0,0.0,0.0
CLE,1,EA,Y,0.0,0.0,0.0,0.0,0.0,0.0,0.0,0.0,0.0,0.0,0.0,0.0,0.0,0.0,0.0,0.0,0.0,0.0,0.0,0.0,0.0,0.0,0.0,0.0,0.0,0.0,0.0,0.0,0.0,0.0,0.0,0.0,0.0,72.28571428571429,166.35714285714286,27.071428571428573,0.0,0.0,219.31593406593407,94.16208791208791,40.30357142857143,23.721153846153843,12.274038461538462,83.68956043956044,59.310439560439555,41.701236263736256,45.1875,59.18131868131868,182.43543956043956,10.235576923076922,31.19162087912088,607.9244505494506,13.0,2.0,15.0,0.0,0.0
CLE,2,EA,Y,2.0,1828.0,570.0,407.0,934.0,539.0,647.0,259.0,538.0,91.0,2185.0,1761.0,583.0,368.0,873.0,540.0,693.0,305.0,552.0,95.0,2122.0,17.0,15.0,32.0,13.0,3.0,4.0,12.0,13.0,8.0,6500.0,3.0,3.0,72.16666666666667,174.58333333333334,26.25,0.0,0.0,206.80128205128207,96.57051282051282,47.791666666666664,25.727564102564102,14.29647435897436,76.81410256410257,58.102564102564095,42.017628205128204,46.729166666666664,60.8076923076923,176.81089743589746,11.155448717948717,33.39903846153846,622.7467948717948,4.0,5.0,9.0,1.0,1.1111111111111112
CLE,3,EA,N,1.0,1770.0,505.0,335.0,959.0,503.0,532.0,267.0,444.0,83.0,2004.0,1745.0,444.0,417.0,891.0,434.0,597.0,225.0,496.0,127.0,1788.0,22.0,10.0,32.0,14.0,2.0,8.0,8.0,15.0,6.0,6425.0,1.0,2.0,72.53846153846153,165.46153846153845,26.0,2.5,2.5,216.40570089808668,103.32643498633345,44.56032799687622,25.84459195626708,9.21436938695822,77.35376805935182,60.56228035923468,47.71378367825068,43.08707536118704,51.33893010542757,189.4818430300664,13.984381101132369,40.224912143693864,572.8207731354939,4.0,6.0,10.0,0.0,1.9166666666666667
CLE,4,EA,Y,7.0,1820.0,553.0,374.0,969.0,480.0,567.0,221.0,451.0,83.0,2071.0,1834.0,521.0,441.0,918.0,530.0,613.0,242.0,428.0,109.0,2140.0,10.0,22.0,32.0,4.0,12.0,6.0,10.0,7.0,14.0,6550.0,1.1,1.0,71.6,169.13333333333333,27.266666666666666,1.5,1.5,245.89487179487182,108.21794871794873,63.61666666666667,29.93974358974359,11.989102564102563,89.91025641025641,66.42307692307692,50.054487179487175,55.575,70.63589743589743,206.47307692307692,16.019871794871793,47.312179487179485,762.6628205128205,3.0,11.0,14.0,0.0,0.45454545454545453
CON,4,EA,Y,3.8,1595.8,502.4,373.4,844.6,418.1,519.4,210.9,406.1,96.9,1837.1,1602.6,500.0,370.4,827.8,414.6,521.9,213.1,398.9,97.4,1837.0,13.5,13.9,27.4,8.1,5.6,5.4,8.4,8.9,9.1,5541.1,1.1,1.0,72.07142857142857,166.64285714285714,27.5,0.0,0.0,203.54642857142858,85.78531746031747,44.55912698412698,24.3468253968254,12.86031746031746,74.88452380952381,48.96468253968254,38.39523809523809,40.7952380952381,51.873015873015866,181.984126984127,15.382142857142856,45.69722222222223,595.495634920635,11.0,5.0,16.0,0.0,1.1247610404731148
CON,5,EA,Y,3.0,2102.0,646.0,549.0,1095.0,520.0,663.0,270.0,434.0,111.0,2384.0,2104.0,673.0,536.0,1178.0,553.0,669.0,252.0,476.0,88.0,2409.0,18.0,16.0,34.0,10.0,7.0,8.0,9.0,11.0,13.0,6875.0,2.0,2.0,71.0,158.3846153846154,26.846153846153847,3.0,3.0,184.76490924805532,90.13656006914434,34.90579083837511,20.75972342264477,11.716508210890234,69.23768366464995,54.02160760587727,38.38807260155575,37.030250648228176,60.52031114952463,160.83751080380293,7.901469317199655,20.980985306828003,588.8807260155575,6.0,3.0,9.0,0.0,1.1111111111111112
CON,6,EA,Y,1.0,2051.0,590.0,467.0,1045.0,572.0,610.0,299.0,462.0,96.0,2335.0,1996.0,599.0,384.0,1063.0,565.0,627.0,239.0,492.0,113.0,2304.0,18.0,16.0,34.0,10.0,7.0,8.0,9.0,14.0,6.0,6900.0,5.0,3.0,72.64285714285714,165.85714285714286,29.857142857142858,0.0,0.0,214.31073074391045,101.0493745885451,51.51152073732719,24.851876234364713,14.216919025674786,77.42824226464779,59.28604344963792,44.14154048716261,44.187952600395,56.26234364713628,185.36043449637918,15.31270572745227,39.71263989466754,622.4117840684661,3.0,2.0,5.0,0.0,1.2105263157894737
CON,7,EA,Y,1.0,2025.0,688.0,373.0,1110.0,573.0,624.0,236.0,452.0,130.0,2474.0,2100.0,599.0,400.0,1078.0,495.0,675.0,258.0,442.0,79.0,2244.0,26.0,8.0,34.0,14.0,3.0,12.0,5.0,13.0,7.0,6800.0,5.0,3.0,71.53846153846153,171.23076923076923,25.642857142857142,0.0,0.0,251.54603174603173,107.86825396825397,52.68730158730159,23.626984126984127,13.665079365079364,91.96190476190476,72.72698412698414,54.38888888888889,44.03492063492063,57.284126984126985,207.1825396825397,13.233333333333333,38.492063492063494,659.9888888888889,4.0,5.0,9.0,1.0,2.8181818181818183
CON,8,EA,Y,1.0,2216.0,675.0,510.0,1268.0,630.0,530.0,252.0,514.0,153.0,2683.0,2357.0,500.0,508.0,1153.0,528.0,646.0,273.0,486.0,103.0,2417.0,26.0,8.0,34.0,14.0,3.0,12.0,5.0,15.0,5.0,6825.0,3.0,2.0,72.21428571428571,160.5,25.214285714285715,0.0,0.0,127.7845238095238,51.00833333333333,27.961904761904766,14.07738095238095,6.570238095238095,44.989285714285714,33.93809523809524,26.952380952380956,30.597619047619048,38.195238095238096,107.44047619047619,10.853571428571428,32.529761904761905,397.3488095238095,5.0,10.0,15.0,0.0,2.9
CON,9,EA,Y,3.0,2327.0,615.0,572.0,1222.0,619.0,641.0,272.0,540.0,156.0,2675.0,2317.0,626.0,485.0,1179.0,581.0,633.0,246.0,524.0,85.0,2593.0,18.0,16.0,34.0,8.0,9.0,10.0,7.0,10.0,10.0,6925.0,1.0,2.0,72.63636363636364,164.36363636363637,28.636363636363637,0.0,0.0,226.3,98.54444444444444,45.24141414141414,23.973737373737375,13.18989898989899,83.34242424242424,67.0919191919192,50.55151515151515,42.93333333333333,63.131313131313135,193.7777777777778,9.063636363636364,28.502020202020205,627.1707070707071,9.0,5.0,14.0,1.0,1.0555555555555556
CON,10,EA,N,2.0,2286.0,723.0,669.0,1239.0,607.0,629.0,211.0,487.0,97.0,2690.0,2284.0,638.0,496.0,1200.0,554.0,703.0,252.0,499.0,104.0,2541.0,21.0,13.0,34.0,13.0,4.0,8.0,9.0,13.0,7.0,6850.0,1.0,2.0,72.5,165.58333333333334,28.5,0.0,0.0,252.11676646706587,117.2185628742515,60.464071856287426,29.991516966067863,13.307385229540918,93.87175648702595,68.86127744510978,48.156686626746506,49.48652694610778,69.41317365269461,228.438622754491,16.216566866267467,51.472554890219556,746.2504990019961,6.0,14.0,20.0,0.0,1.4666666666666666
CON,11,EA,-1,6.0,2381.0,692.0,639.0,1184.0,608.0,677.0,250.0,453.0,130.0,2651.0,2236.0,746.0,488.0,1274.0,525.0,684.0,248.0,549.0,125.0,2654.0,16.0,18.0,34.0,12.0,5.0,4.0,13.0,10.0,12.0,6975.0,1.5,1.6,72.6,173.26666666666668,27.266666666666666,0.0,5.5,244.18998073217728,99.54450867052023,50.22620423892101,26.361849710982657,10.196917148362235,87.65857418111753,69.40963391136802,51.84200385356454,46.19306358381503,67.29210019267822,198.8416184971098,17.03082851637765,49.40616570327553,617.0088631984586,0.0,0.0,0.0,0.0,0.8888888888888888
DET,1,EA,N,0.0,0.0,0.0,0.0,0.0,0.0,0.0,0.0,0.0,0.0,0.0,0.0,0.0,0.0,0.0,0.0,0.0,0.0,0.0,0.0,0.0,0.0,0.0,0.0,0.0,0.0,0.0,0.0,0.0,0.0,0.0,0.0,0.0,71.91666666666667,164.41666666666666,27.416666666666668,3.0,3.0,161.07865168539325,64.4812734082397,31.7312734082397,16.156367041198504,4.776217228464419,58.75749063670412,44.02340823970038,34.337078651685395,32.53277153558053,43.98033707865168,138.9073033707865,9.226591760299625,26.062734082397004,478.9541198501873,13.0,5.0,18.0,0.0,0.0
DET,2,EA,N,5.0,1980.0,699.0,273.0,985.0,503.0,701.0,260.0,530.0,88.0,2331.0,1967.0,652.0,372.0,971.0,513.0,672.0,284.0,543.0,148.0,2426.0,14.0,18.0,32.0,8.0,8.0,6.0,10.0,10.0,11.0,6425.0,1.0,1.0,72.0,162.9,27.0,0.0,0.0,164.5661111111111,59.80388888888889,47.715555555555554,16.269444444444446,5.132777777777777,57.56166666666667,45.30444444444444,36.511111111111106,41.11222222222222,47.52444444444445,138.73888888888888,12.931666666666667,38.44722222222222,558.1961111111111,5.0,4.0,9.0,0.0,1.4537209923945529
DET,3,EA,N,7.0,1914.0,542.0,405.0,945.0,469.0,602.0,225.0,498.0,82.0,2103.0,1837.0,583.0,340.0,981.0,438.0,591.0,262.0,483.0,109.0,2269.0,10.0,22.0,32.0,6.0,10.0,4.0,12.0,7.0,14.0,6550.0,1.1,1.1,72.0,169.3,27.3,0.0,4.5,245.99248554913294,113.05838150289019,56.619653179190756,25.921387283236992,11.897687861271676,90.74393063583815,64.65722543352601,51.181502890173405,48.39479768786127,63.61907514450867,225.13121387283235,13.323121387283237,40.00462427745664,700.7566473988439,7.0,10.0,17.0,0.0,1.3600140924702329
DET,3,EA,N,7.0,1914.0,542.0,405.0,945.0,469.0,602.0,225.0,498.0,82.0,2103.0,1837.0,583.0,340.0,981.0,438.0,591.0,262.0,483.0,109.0,2269.0,10.0,22.0,32.0,6.0,10.0,4.0,12.0,7.0,14.0,6550.0,1.1,1.1,72.0,169.3,27.3,0.0,4.5,245.99248554913294,113.05838150289019,56.619653179190756,25.921387283236992,11.897687861271676,90.74393063583815,64.65722543352601,51.181502890173405,48.39479768786127,63.61907514450867,225.13121387283235,13.323121387283237,40.00462427745664,700.7566473988439,7.0,10.0,17.0,0.0,0.45454545454545453
DET,4,EA,Y,8.0,1919.0,651.0,364.0,1079.0,478.0,609.0,201.0,541.0,132.0,2114.0,1984.0,605.0,447.0,983.0,465.0,637.0,277.0,443.0,139.0,2266.0,9.0,23.0,32.0,7.0,9.0,2.0,14.0,6.0,15.0,6450.0,1.1,1.0,71.15384615384616,168.0,24.692307692307693,0.0,0.0,258.03162827020697,107.72042171026942,61.64818430300664,25.305349472862165,8.283092541975792,95.06911362748927,62.84342053885201,48.532213978914484,50.70753611870363,59.354549004295194,220.87661069894574,19.36118703631394,55.10659898477157,651.6157750878563,8.0,6.0,14.0,1.0,0.6923076923076923
DET,5,EA,Y,1.0,2004.0,882.0,323.0,1230.0,545.0,605.0,263.0,608.0,158.0,2553.0,2286.0,556.0,541.0,1064.0,504.0,774.0,309.0,497.0,129.0,2395.0,25.0,9.0,34.0,13.0,4.0,12.0,5.0,18.0,6.0,6900.0,6.0,2.0,72.46153846153847,169.46153846153845,25.846153846153847,0.0,0.0,0.0,0.0,0.0,0.0,0.0,0.0,0.0,0.0,0.0,0.0,0.0,0.0,0.0,0.0,7.0,7.0,14.0,0.0,2.8181818181818183
DET,6,EA,Y,3.0,2097.0,792.0,209.0,1170.0,564.0,648.0,277.0,513.0,148.0,2366.0,2098.0,609.0,533.0,1055.0,515.0,728.0,289.0,496.0,131.0,2381.0,17.0,17.0,34.0,8.0,9.0,9.0,8.0,11.0,9.0,6850.0,1.0,2.0,71.5,164.41666666666666,26.75,0.0,0.0,206.6842948717949,78.84455128205128,57.427083333333336,23.75400641025641,7.701522435897435,72.90224358974359,58.59775641025641,44.57572115384615,44.776041666666664,62.855769230769226,176.33733974358975,16.304086538461537,51.73677884615385,607.9559294871796,7.0,10.0,17.0,0.0,0.9473684210526315
DET,7,EA,Y,4.0,2060.0,774.0,238.0,1215.0,474.0,761.0,241.0,571.0,155.0,2247.0,1945.0,754.0,456.0,1018.0,473.0,744.0,272.0,520.0,136.0,2287.0,16.0,18.0,34.0,12.0,5.0,4.0,13.0,11.0,9.0,6925.0,1.2,2.0,71.3076923076923,164.92307692307693,27.76923076923077,0.0,0.0,211.1673165544133,95.87274016306274,49.66004962779156,22.227933356965615,12.616802552286423,76.34597660404111,55.65402339595888,42.46082949308755,49.293512938674226,63.41049273307338,187.46331088266572,16.01453385324353,45.03757532789791,684.9524991137895,8.0,6.0,14.0,0.0,0.8
DET,8,EA,Y,2.0,2220.0,746.0,414.0,1286.0,572.0,711.0,213.0,537.0,137.0,2527.0,2165.0,702.0,561.0,1084.0,474.0,733.0,275.0,506.0,108.0,2384.0,23.0,11.0,34.0,14.0,3.0,9.0,8.0,14.0,6.0,6825.0,7.0,3.0,70.92307692307692,162.84615384615384,26.76923076923077,0.0,0.0,0.0,0.0,0.0,0.0,0.0,0.0,0.0,0.0,0.0,0.0,0.0,0.0,0.0,0.0,7.0,8.0,15.0,0.0,2.142857142857143
DET,9,EA,Y,1.0,2261.0,785.0,442.0,1311.0,563.0,702.0,227.0,564.0,117.0,2697.0,2262.0,718.0,610.0,1089.0,546.0,767.0,276.0,529.0,117.0,2540.0,24.0,10.0,34.0,12.0,5.0,12.0,5.0,14.0,6.0,6850.0,6.0,5.0,71.86666666666666,170.93333333333334,25.666666666666668,0.0,0.0,181.32051282051282,84.36153846153846,40.583333333333336,23.024358974358975,8.085256410256411,67.59230769230768,49.07435897435898,36.30705128205128,41.458333333333336,56.05641025641025,154.024358974359,9.828846153846154,30.526282051282053,550.7987179487179,12.0,10.0,22.0,0.0,2.0
DET,10,EA,Y,1.0,2295.0,744.0,476.0,1248.0,604.0,724.0,278.0,496.0,118.0,2672.0,2151.0,740.0,616.0,1085.0,520.0,762.0,229.0,572.0,119.0,2522.0,22.0,12.0,34.0,14.0,3.0,8.0,9.0,16.0,4.0,6875.0,7.0,2.0,71.53846153846153,168.07692307692307,25.76923076923077,0.0,0.0,192.20772775611482,91.02942219071252,42.7940446650124,25.14250265863169,8.774902516838,73.46082949308756,47.769939737681675,35.766394895427155,38.943282523927685,50.64197093229351,168.62247429989367,9.519673874512584,29.688762850053173,593.5023041474655,10.0,18.0,28.0,0.0,2.0714285714285716
DET,10,EA,Y,1.0,2295.0,744.0,476.0,1248.0,604.0,724.0,278.0,496.0,118.0,2672.0,2151.0,740.0,616.0,1085.0,520.0,762.0,229.0,572.0,119.0,2522.0,22.0,12.0,34.0,14.0,3.0,8.0,9.0,16.0,4.0,6875.0,7.0,2.0,71.53846153846153,168.07692307692307,25.76923076923077,0.0,0.0,192.20772775611482,91.02942219071252,42.7940446650124,25.14250265863169,8.774902516838,73.46082949308756,47.769939737681675,35.766394895427155,38.943282523927685,50.64197093229351,168.62247429989367,9.519673874512584,29.688762850053173,593.5023041474655,10.0,18.0,28.0,0.0,1.0569133767276182
HOU,1,WE,Y,0.0,0.0,0.0,0.0,0.0,0.0,0.0,0.0,0.0,0.0,0.0,0.0,0.0,0.0,0.0,0.0,0.0,0.0,0.0,0.0,0.0,0.0,0.0,0.0,0.0,0.0,0.0,0.0,0.0,0.0,0.0,0.0,0.0,72.0,167.57142857142858,26.928571428571427,0.0,0.0,209.70017108639863,99.303250641574,52.15269461077844,25.842600513259192,12.241231822070146,75.92301112061591,56.33361847733105,43.12574850299401,46.4054747647562,67.85115483319076,182.10906757912744,14.7284003421728,43.02437981180496,671.857998289136,12.0,3.0,15.0,0.0,0.0
HOU,2,WE,Y,2.0,1894.0,634.0,491.0,997.0,494.0,554.0,284.0,440.0,104.0,2475.0,1938.0,508.0,418.0,902.0,473.0,648.0,233.0,480.0,85.0,2066.0,27.0,5.0,32.0,14.0,2.0,13.0,3.0,17.0,4.0,6475.0,6.0,1.0,72.21428571428571,173.78571428571428,24.714285714285715,3.5,3.5,217.5195794053662,90.73168963016678,45.806018854242204,17.64140681653372,11.127628716461203,80.25707034082669,56.664974619289346,44.662799129804206,42.93799854967368,52.81472081218275,191.16171138506164,12.342639593908629,34.35170413343002,543.9764321972444,4.0,3.0,7.0,0.0,6.6
HOU,3,WE,Y,4.0,1908.0,539.0,435.0,1058.0,426.0,509.0,251.0,436.0,95.0,2047.0,1883.0,504.0,456.0,982.0,452.0,561.0,248.0,433.0,120.0,1994.0,19.0,13.0,32.0,11.0,5.0,8.0,8.0,13.0,8.0,6450.0,1.1,2.0,72.76923076923077,174.30769230769232,24.692307692307693,4.0,6.0,260.26666666666665,107.7062937062937,49.397668997668994,26.351048951048952,14.398601398601398,93.22331002331003,75.33986013986015,59.07226107226108,42.93333333333333,66.62097902097902,212.75990675990676,14.747785547785547,43.27365967365967,614.7333333333333,5.0,8.0,13.0,0.0,1.2666666666666666
HOU,4,WE,Y,2.0,1778.0,585.0,332.0,1001.0,450.0,467.0,260.0,455.0,126.0,2072.0,1880.0,452.0,489.0,973.0,446.0,606.0,262.0,464.0,71.0,1892.0,24.0,8.0,32.0,14.0,2.0,10.0,6.0,16.0,5.0,6425.0,1.0,2.0,72.08333333333333,167.91666666666666,29.5,0.0,0.0,0.0,0.0,0.0,0.0,0.0,0.0,0.0,0.0,0.0,0.0,0.0,0.0,0.0,0.0,5.0,5.0,10.0,0.0,2.5
HOU,5,WE,N,2.0,1916.0,600.0,344.0,1030.0,465.0,490.0,231.0,450.0,129.0,2244.0,2030.0,448.0,500.0,1006.0,516.0,634.0,227.0,430.0,122.0,2142.0,20.0,14.0,34.0,14.0,3.0,6.0,11.0,14.0,10.0,6825.0,1.0,2.0,71.9090909090909,167.63636363636363,28.363636363636363,2.5,2.5,177.32867132867133,94.98601398601399,29.954545454545453,21.33916083916084,9.0506993006993,64.88811188811188,46.11188811188811,36.38286713286713,35.34090909090909,53.69930069930069,142.7937062937063,11.16958041958042,32.70804195804196,559.6328671328672,7.0,8.0,15.0,0.0,1.3125
HOU,6,WE,Y,6.0,1933.0,615.0,358.0,1035.0,451.0,555.0,242.0,484.0,107.0,2177.0,2008.0,531.0,434.0,1055.0,539.0,655.0,258.0,471.0,129.0,2211.0,13.0,21.0,34.0,9.0,8.0,4.0,13.0,7.0,15.0,6850.0,1.5,1.5,71.35714285714286,160.57142857142858,28.214285714285715,7.0,7.0,245.29822251481235,105.95325872284398,56.75576036866359,35.14022383146807,11.28703094140882,89.32126398946674,62.535878867676104,49.21362738643844,49.12969058591178,54.73831468071099,216.00164581961818,17.442067149440422,53.034891375905204,713.9558920342331,8.0,6.0,14.0,0.0,0.6190476190476191
HOU,7,WE,Y,3.0,1920.0,690.0,205.0,960.0,467.0,581.0,246.0,425.0,105.0,2309.0,1944.0,559.0,423.0,961.0,541.0,685.0,197.0,481.0,111.0,2263.0,19.0,15.0,34.0,11.0,6.0,8.0,9.0,11.0,11.0,6875.0,2.0,3.0,71.66666666666667,162.33333333333334,28.666666666666668,10.8,10.8,308.66249999999997,116.83194444444445,70.62361111111112,31.96388888888889,13.594444444444443,108.84583333333335,87.95972222222223,71.55,57.53333333333333,58.888888888888886,259.77777777777777,19.420833333333334,57.606944444444444,824.4847222222221,5.0,6.0,11.0,0.0,1.1666666666666667
HOU,8,WE,N,3.0,2098.0,678.0,472.0,1125.0,532.0,617.0,252.0,566.0,84.0,2507.0,2232.0,615.0,496.0,1124.0,526.0,705.0,298.0,519.0,89.0,2449.0,18.0,16.0,34.0,12.0,5.0,6.0,11.0,11.0,9.0,6925.0,1.5,2.0,71.5,157.14285714285714,29.428571428571427,5.0,10.666666666666666,227.24398073836275,102.76163723916534,52.19020866773676,25.808186195826643,9.962279293739968,84.22391653290529,62.42295345104334,46.361958266452646,44.75642054574639,56.11757624398074,200.16653290529695,12.434189406099518,34.080658105939,699.5481540930979,8.0,8.0,16.0,0.0,2.4
HOU,9,WE,N,5.0,2149.0,721.0,365.0,1144.0,558.0,655.0,289.0,633.0,109.0,2510.0,2190.0,719.0,581.0,1063.0,588.0,677.0,310.0,568.0,160.0,2628.0,13.0,21.0,34.0,7.0,10.0,6.0,11.0,10.0,12.0,6800.0,1.5,1.5,71.53846153846153,162.30769230769232,26.076923076923077,0.0,0.0,0.0,0.0,0.0,0.0,0.0,0.0,0.0,0.0,0.0,0.0,0.0,0.0,0.0,0.0,7.0,14.0,21.0,0.0,0.6190476190476191
IND,1,EA,N,0.0,0.0,0.0,0.0,0.0,0.0,0.0,0.0,0.0,0.0,0.0,0.0,0.0,0.0,0.0,0.0,0.0,0.0,0.0,0.0,0.0,0.0,0.0,0.0,0.0,0.0,0.0,0.0,0.0,0.0,0.0,0.0,0.0,71.91666666666667,160.33333333333334,27.25,0.0,0.0,188.46794871794873,93.07051282051282,42.041666666666664,25.39423076923077,7.7131410256410255,68.73076923076924,62.519230769230774,43.43429487179487,43.645833333333336,60.8076923076923,171.31089743589746,7.572115384615384,26.565705128205128,619.3301282051283,15.0,8.0,23.0,0.0,0.0
IND,2,EA,N,7.0,1838.0,569.0,521.0,932.0,501.0,642.0,271.0,518.0,126.0,2213.0,1868.0,669.0,358.0,954.0,528.0,612.0,267.0,476.0,75.0,2290.0,9.0,23.0,32.0,5.0,11.0,4.0,12.0,7.0,14.0,6425.0,1.0,1.0,72.76923076923077,170.07692307692307,28.076923076923077,12.0,12.0,259.4884792626728,116.97624955689471,54.08933002481389,26.917405175469693,17.15668202764977,96.76887628500532,66.69266217653315,49.92165898617512,46.74087203119461,66.74406238922369,221.84969868840835,16.029067706487062,48.459766040411196,683.3665366891174,6.0,5.0,11.0,0.0,1.4537209923945529
IND,3,EA,Y,6.0,1822.0,591.0,446.0,935.0,458.0,600.0,242.0,491.0,118.0,2153.0,1899.0,583.0,367.0,966.0,565.0,616.0,256.0,466.0,140.0,2249.0,10.0,22.0,32.0,7.0,9.0,3.0,13.0,7.0,14.0,6475.0,1.1,1.1,72.2,163.93333333333334,26.933333333333334,4.666666666666667,4.666666666666667,170.64669738863284,79.75883256528418,38.688172043010745,23.8568356374808,8.804915514592933,64.33271889400922,42.13394777265746,30.997542242703535,36.750844854070664,51.15637480798771,158.47281105990785,10.983717357910907,33.26359447004608,552.9686635944701,7.0,6.0,13.0,0.0,0.45454545454545453
IND,4,EA,N,4.0,1825.0,580.0,543.0,948.0,447.0,559.0,268.0,438.0,100.0,2097.0,1817.0,503.0,464.0,932.0,507.0,647.0,226.0,470.0,145.0,2129.0,16.0,16.0,32.0,10.0,6.0,6.0,10.0,12.0,9.0,6425.0,1.0,2.0,71.66666666666667,169.66666666666666,27.166666666666668,2.3333333333333335,4.666666666666667,222.02685185185183,96.08981481481482,53.6925925925926,30.365740740740744,7.971296296296296,75.68611111111112,65.67407407407408,50.68518518518518,47.8537037037037,62.7074074074074,192.2314814814815,19.969444444444445,58.3287037037037,694.4101851851851,5.0,6.0,11.0,0.0,0.9444444444444444
IND,5,EA,N,5.0,2011.0,563.0,600.0,988.0,539.0,668.0,299.0,474.0,121.0,2337.0,1908.0,638.0,421.0,986.0,570.0,631.0,227.0,512.0,170.0,2321.0,16.0,18.0,34.0,11.0,6.0,5.0,12.0,12.0,12.0,6875.0,1.4,1.3,73.0,166.83333333333334,27.416666666666668,8.0,8.0,246.33333333333334,124.0,54.166666666666664,31.833333333333332,8.416666666666666,88.25,74.66666666666667,52.666666666666664,46.75,64.25,215.91666666666666,17.166666666666668,48.166666666666664,701.1666666666666,5.0,5.0,10.0,0.0,1.1275522713762844
IND,6,EA,Y,6.0,2011.0,580.0,481.0,1101.0,555.0,639.0,261.0,486.0,134.0,2198.0,1865.0,695.0,352.0,969.0,514.0,603.0,268.0,466.0,162.0,2245.0,15.0,19.0,34.0,10.0,7.0,5.0,12.0,8.0,12.0,6850.0,1.5,1.5,72.53846153846153,165.46153846153845,26.0,2.5,2.5,216.40570089808668,103.32643498633345,44.56032799687622,25.84459195626708,9.21436938695822,77.35376805935182,60.56228035923468,47.71378367825068,43.08707536118704,51.33893010542757,189.4818430300664,13.984381101132369,40.224912143693864,572.8207731354939,4.0,8.0,12.0,0.0,0.7894736842105263
IND,7,EA,Y,2.0,1958.0,595.0,468.0,1012.0,493.0,668.0,336.0,477.0,95.0,2170.0,1798.0,642.0,367.0,990.0,435.0,644.0,234.0,558.0,113.0,2133.0,21.0,13.0,34.0,14.0,3.0,7.0,10.0,14.0,6.0,6925.0,2.0,2.0,72.46153846153847,176.0,27.23076923076923,12.333333333333334,15.666666666666666,240.91282051282053,102.73426573426573,58.69557109557109,24.530069930069928,14.888111888111887,86.84428904428904,68.52727272727273,52.72960372960373,51.194871794871794,67.77062937062936,206.22843822843822,14.494638694638695,45.24149184149184,668.4717948717948,8.0,4.0,12.0,0.0,1.5333333333333334
IND,8,EA,Y,3.0,2144.0,676.0,551.0,1094.0,501.0,606.0,354.0,528.0,93.0,2435.0,2043.0,559.0,444.0,1061.0,507.0,685.0,259.0,617.0,105.0,2316.0,21.0,13.0,34.0,12.0,5.0,9.0,8.0,12.0,8.0,6850.0,1.5,2.0,71.0909090909091,146.0,27.454545454545453,0.0,4.5,270.2459621596677,114.47115828334103,65.11029072450391,26.90770650669128,15.030918320258422,101.17720350715275,62.498384863867095,49.63267189663129,54.690816797415785,67.1185971389017,227.38163359483158,18.258883248730964,48.108444854637746,709.5911398246424,4.0,7.0,11.0,0.0,1.4
IND,9,EA,Y,2.0,2167.0,617.0,546.0,1153.0,511.0,646.0,308.0,589.0,136.0,2480.0,2192.0,608.0,483.0,1164.0,475.0,663.0,280.0,610.0,114.0,2370.0,21.0,13.0,34.0,12.0,5.0,9.0,8.0,12.0,8.0,6875.0,3.0,3.0,72.0,170.0909090909091,24.454545454545453,0.0,0.0,180.63484848484848,79.01060606060607,39.76969696969697,19.5530303030303,12.816666666666665,66.98636363636363,50.375757575757575,36.21212121212122,42.85151515151515,54.24848484848485,161.56060606060606,10.450000000000001,29.219696969696972,516.8075757575757,10.0,9.0,19.0,0.0,1.0
IND,10,EA,Y,4.0,2179.0,656.0,662.0,1127.0,500.0,727.0,324.0,585.0,165.0,2473.0,2127.0,706.0,415.0,1171.0,477.0,659.0,294.0,608.0,130.0,2457.0,17.0,17.0,34.0,11.0,6.0,6.0,11.0,12.0,8.0,6950.0,1.0,2.0,71.41666666666667,162.5,24.083333333333332,7.0,7.0,243.5582851637765,88.86127167630059,52.39884393063584,18.98795761078998,7.992292870905588,88.39643545279382,63.52408477842004,48.9383429672447,46.23265895953757,53.48025048169557,206.60404624277456,17.827071290944122,48.76541425818883,616.0221579961463,8.0,14.0,22.0,0.0,0.9473684210526315
IND,11,EA,-1,1.0,2212.0,746.0,637.0,1122.0,527.0,692.0,373.0,531.0,117.0,2606.0,2118.0,692.0,483.0,1167.0,498.0,700.0,271.0,638.0,116.0,2501.0,22.0,12.0,34.0,14.0,3.0,8.0,9.0,17.0,5.0,6925.0,6.0,4.0,71.625,167.375,26.25,0.0,2.0,197.9460659898477,90.94511421319797,34.75888324873097,20.311865482233504,9.430837563451776,71.26871827411168,56.97842639593909,43.72747461928934,40.254124365482234,55.57519035532995,162.50824873096445,11.681154822335026,34.46637055837564,520.7084390862944,0.0,0.0,0.0,0.0,1.75
LAS,1,WE,Y,0.0,0.0,0.0,0.0,0.0,0.0,0.0,0.0,0.0,0.0,0.0,0.0,0.0,0.0,0.0,0.0,0.0,0.0,0.0,0.0,0.0,0.0,0.0,0.0,0.0,0.0,0.0,0.0,0.0,0.0,0.0,0.0,0.0,72.21428571428571,173.78571428571428,24.714285714285715,3.5,3.5,217.5195794053662,90.73168963016678,45.806018854242204,17.64140681653372,11.127628716461203,80.25707034082669,56.664974619289346,44.662799129804206,42.93799854967368,52.81472081218275,191.16171138506164,12.342639593908629,34.35170413343002,543.9764321972444,11.0,4.0,15.0,1.0,0.0
LAS,2,WE,Y,1.0,1956.0,693.0,452.0,1091.0,586.0,705.0,271.0,466.0,156.0,2417.0,1963.0,692.0,413.0,978.0,445.0,650.0,243.0,485.0,105.0,2169.0,28.0,4.0,32.0,15.0,1.0,13.0,3.0,17.0,4.0,6450.0,2.0,2.0,72.76923076923077,174.30769230769232,24.692307692307693,4.0,6.0,260.26666666666665,107.7062937062937,49.397668997668994,26.351048951048952,14.398601398601398,93.22331002331003,75.33986013986015,59.07226107226108,42.93333333333333,66.62097902097902,212.75990675990676,14.747785547785547,43.27365967365967,614.7333333333333,4.0,3.0,7.0,0.0,5.0
LAS,3,WE,Y,1.0,2031.0,594.0,436.0,1105.0,596.0,616.0,281.0,438.0,138.0,2441.0,1985.0,547.0,603.0,921.0,538.0,591.0,234.0,453.0,114.0,2166.0,28.0,4.0,32.0,16.0,6.4,12.0,4.0,19.0,2.0,6475.0,6.0,1.0,70.76923076923077,167.46153846153845,25.692307692307693,0.0,0.0,0.0,0.0,0.0,0.0,0.0,0.0,0.0,0.0,0.0,0.0,0.0,0.0,0.0,0.0,6.0,5.0,11.0,0.0,6.8
LAS,4,WE,Y,1.0,2002.0,645.0,515.0,1143.0,583.0,664.0,257.0,517.0,161.0,2452.0,2040.0,649.0,521.0,959.0,508.0,623.0,275.0,453.0,111.0,2235.0,25.0,7.0,32.0,12.0,4.0,13.0,3.0,17.0,4.0,6475.0,6.0,1.0,72.21428571428571,161.64285714285714,27.071428571428573,0.0,0.0,9.928571428571429,2.9285714285714284,3.2142857142857144,1.0,0.35714285714285715,3.9285714285714284,2.5,1.6428571428571428,3.0,2.5,11.142857142857142,0.42857142857142855,2.642857142857143,34.642857142857146,6.0,10.0,16.0,0.0,4.428571428571429
LAS,5,WE,Y,1.0,2140.0,678.0,528.0,1149.0,587.0,682.0,242.0,470.0,161.0,2499.0,2147.0,702.0,540.0,1105.0,572.0,654.0,241.0,468.0,127.0,2432.0,24.0,10.0,34.0,11.0,6.0,13.0,4.0,17.0,7.0,6900.0,5.0,4.0,71.3076923076923,164.23076923076923,27.76923076923077,7.0,7.0,212.4846153846154,105.07606837606838,52.28119658119658,27.9008547008547,12.160683760683762,73.67435897435897,62.231623931623936,47.697435897435895,44.86666666666667,60.26495726495727,176.04273504273505,17.43846153846154,48.424786324786325,675.5290598290599,8.0,4.0,12.0,0.0,2.0714285714285716
LAS,5,WE,Y,1.0,2140.0,678.0,528.0,1149.0,587.0,682.0,242.0,470.0,161.0,2499.0,2147.0,702.0,540.0,1105.0,572.0,654.0,241.0,468.0,127.0,2432.0,24.0,10.0,34.0,11.0,6.0,13.0,4.0,17.0,7.0,6900.0,5.0,4.0,71.3076923076923,164.23076923076923,27.76923076923077,7.0,7.0,212.4846153846154,105.07606837606838,52.28119658119658,27.9008547008547,12.160683760683762,73.67435897435897,62.231623931623936,47.697435897435895,44.86666666666667,60.26495726495727,176.04273504273505,17.43846153846154,48.424786324786325,675.5290598290599,8.0,4.0,12.0,0.0,1.1275522713762844
LAS,5,WE,Y,1.0,2140.0,678.0,528.0,1149.0,587.0,682.0,242.0,470.0,161.0,2499.0,2147.0,702.0,540.0,1105.0,572.0,654.0,241.0,468.0,127.0,2432.0,24.0,10.0,34.0,11.0,6.0,13.0,4.0,17.0,7.0,6900.0,5.0,4.0,71.3076923076923,164.23076923076923,27.76923076923077,7.0,7.0,212.4846153846154,105.07606837606838,52.28119658119658,27.9008547008547,12.160683760683762,73.67435897435897,62.231623931623936,47.697435897435895,44.86666666666667,60.26495726495727,176.04273504273505,17.43846153846154,48.424786324786325,675.5290598290599,8.0,4.0,12.0,0.0,1.1275522713762844
LAS,6,WE,Y,1.0,2069.0,722.0,414.0,1121.0,626.0,731.0,262.0,529.0,148.0,2495.0,2095.0,761.0,511.0,1066.0,532.0,704.0,288.0,523.0,114.0,2361.0,25.0,9.0,34.0,15.0,2.0,10.0,7.0,16.0,6.0,6975.0,1.0,2.0,72.53846153846153,164.3846153846154,25.785714285714285,0.0,0.0,10.428571428571429,8.428571428571429,2.357142857142857,2.0714285714285716,1.0714285714285714,2.857142857142857,5.285714285714286,4.571428571428571,2.5,4.214285714285714,8.214285714285714,0.14285714285714285,0.5,38.642857142857146,5.0,7.0,12.0,0.0,1.1908263305322129
LAS,6,WE,Y,1.0,2069.0,722.0,414.0,1121.0,626.0,731.0,262.0,529.0,148.0,2495.0,2095.0,761.0,511.0,1066.0,532.0,704.0,288.0,523.0,114.0,2361.0,25.0,9.0,34.0,15.0,2.0,10.0,7.0,16.0,6.0,6975.0,1.0,2.0,72.53846153846153,164.3846153846154,25.785714285714285,0.0,0.0,10.428571428571429,8.428571428571429,2.357142857142857,2.0714285714285716,1.0714285714285714,2.857142857142857,5.285714285714286,4.571428571428571,2.5,4.214285714285714,8.214285714285714,0.14285714285714285,0.5,38.642857142857146,5.0,7.0,12.0,0.0,1.1908263305322129
LAS,7,WE,Y,4.0,2042.0,630.0,387.0,1004.0,551.0,737.0,264.0,492.0,136.0,2326.0,1955.0,709.0,519.0,1041.0,567.0,654.0,247.0,544.0,115.0,2345.0,17.0,17.0,34.0,11.0,6.0,6.0,11.0,12.0,10.0,6800.0,1.2,2.0,71.63636363636364,163.36363636363637,26.583333333333332,0.0,0.0,230.0176282051282,108.59455128205127,49.677083333333336,22.420673076923077,14.534855769230768,83.56891025641026,72.84775641025641,55.15905448717948,50.942708333333336,68.0224358974359,186.33733974358975,7.720753205128204,22.986778846153843,625.5392628205128,8.0,6.0,14.0,0.0,1.0
LAS,8,WE,N,1.0,2195.0,726.0,377.0,1202.0,610.0,679.0,296.0,534.0,129.0,2575.0,2184.0,721.0,570.0,1082.0,565.0,636.0,284.0,556.0,128.0,2476.0,25.0,9.0,34.0,15.0,2.0,10.0,7.0,15.0,5.0,6825.0,2.0,3.0,71.5,166.58333333333334,26.692307692307693,0.0,0.0,232.6692662176533,114.02942219071252,52.64019851116625,22.834810350939385,16.313364055299537,84.84544487770293,71.53917050691244,53.45870258773485,49.86635944700461,66.02658631690889,196.00708968450905,9.519673874512584,29.76568592697625,690.7330733782346,8.0,10.0,18.0,0.0,2.3333333333333335
LAS,9,WE,Y,7.0,2305.0,627.0,456.0,1139.0,554.0,732.0,245.0,571.0,107.0,2533.0,2212.0,800.0,537.0,1179.0,616.0,605.0,290.0,550.0,137.0,2708.0,10.0,24.0,34.0,5.0,12.0,5.0,12.0,6.0,16.0,6900.0,1.5,1.5,71.7,168.6,27.636363636363637,0.0,0.0,273.1181818181818,108.36262626262625,59.51414141414141,24.79191919191919,20.371717171717172,97.97878787878788,85.81919191919192,65.9151515151515,59.02424242424242,69.58585858585859,229.86868686868686,11.245454545454546,34.22929292929293,738.6252525252526,8.0,10.0,18.0,0.0,0.4166666666666667
LAS,10,WE,Y,3.0,2248.0,717.0,485.0,1282.0,613.0,713.0,251.0,608.0,216.0,2598.0,2310.0,751.0,547.0,1127.0,513.0,717.0,303.0,523.0,141.0,2523.0,20.0,14.0,34.0,12.0,5.0,8.0,9.0,12.0,8.0,7000.0,3.0,3.0,70.92307692307692,162.84615384615384,26.76923076923077,0.0,0.0,0.0,0.0,0.0,0.0,0.0,0.0,0.0,0.0,0.0,0.0,0.0,0.0,0.0,0.0,6.0,11.0,17.0,0.0,1.3529411764705883
LAS,11,WE,-1,3.0,2264.0,550.0,512.0,1248.0,587.0,583.0,217.0,568.0,166.0,2533.0,2262.0,623.0,636.0,1050.0,516.0,622.0,300.0,463.0,115.0,2498.0,18.0,16.0,34.0,11.0,6.0,7.0,10.0,11.0,9.0,6925.0,3.0,3.0,72.16666666666667,172.91666666666666,26.0,0.0,0.0,219.65555555555557,97.12878787878788,49.50353535353535,23.157575757575756,8.545454545454545,78.58131313131314,73.73787878787878,50.12373737373738,50.71111111111111,74.91818181818182,194.33080808080808,12.36919191919192,38.928282828282825,611.9277777777778,0.0,0.0,0.0,0.0,2.25
LAS,11,WE,-1,3.0,2264.0,550.0,512.0,1248.0,587.0,583.0,217.0,568.0,166.0,2533.0,2262.0,623.0,636.0,1050.0,516.0,622.0,300.0,463.0,115.0,2498.0,18.0,16.0,34.0,11.0,6.0,7.0,10.0,11.0,9.0,6925.0,3.0,3.0,72.16666666666667,172.91666666666666,26.0,0.0,0.0,219.65555555555557,97.12878787878788,49.50353535353535,23.157575757575756,8.545454545454545,78.58131313131314,73.73787878787878,50.12373737373738,50.71111111111111,74.91818181818182,194.33080808080808,12.36919191919192,38.928282828282825,611.9277777777778,0.0,0.0,0.0,0.0,0.7
MIA,1,EA,N,0.0,0.0,0.0,0.0,0.0,0.0,0.0,0.0,0.0,0.0,0.0,0.0,0.0,0.0,0.0,0.0,0.0,0.0,0.0,0.0,0.0,0.0,0.0,0.0,0.0,0.0,0.0,0.0,0.0,0.0,0.0,0.0,0.0,71.86666666666666,170.93333333333334,25.666666666666668,0.0,0.0,181.32051282051282,84.36153846153846,40.583333333333336,23.024358974358975,8.085256410256411,67.59230769230768,49.07435897435898,36.30705128205128,41.458333333333336,56.05641025641025,154.024358974359,9.828846153846154,30.526282051282053,550.7987179487179,13.0,8.0,21.0,0.0,0.0
MIA,2,EA,Y,6.0,1774.0,664.0,310.0,960.0,415.0,707.0,272.0,524.0,88.0,1831.0,1676.0,627.0,315.0,923.0,416.0,661.0,247.0,528.0,118.0,2001.0,13.0,19.0,32.0,9.0,7.0,4.0,12.0,9.0,12.0,6475.0,1.0,1.0,71.53846153846153,168.07692307692307,25.76923076923077,0.0,0.0,192.20772775611482,91.02942219071252,42.7940446650124,25.14250265863169,8.774902516838,73.46082949308756,47.769939737681675,35.766394895427155,38.943282523927685,50.64197093229351,168.62247429989367,9.519673874512584,29.688762850053173,593.5023041474655,7.0,7.0,14.0,0.0,0.6842105263157895
MIA,3,EA,N,3.0,1826.0,469.0,295.0,943.0,467.0,602.0,300.0,448.0,153.0,1957.0,1725.0,588.0,395.0,968.0,388.0,538.0,259.0,512.0,87.0,1898.0,20.0,12.0,32.0,10.0,6.0,10.0,6.0,14.0,7.0,6575.0,1.0,2.0,72.21428571428571,160.5,25.214285714285715,0.0,0.0,127.7845238095238,51.00833333333333,27.961904761904766,14.07738095238095,6.570238095238095,44.989285714285714,33.93809523809524,26.952380952380956,30.597619047619048,38.195238095238096,107.44047619047619,10.853571428571428,32.529761904761905,397.3488095238095,10.0,15.0,25.0,0.0,1.5
MIN,1,WE,N,0.0,0.0,0.0,0.0,0.0,0.0,0.0,0.0,0.0,0.0,0.0,0.0,0.0,0.0,0.0,0.0,0.0,0.0,0.0,0.0,0.0,0.0,0.0,0.0,0.0,0.0,0.0,0.0,0.0,0.0,0.0,0.0,0.0,72.6,164.4,26.933333333333334,4.0,4.0,207.5233140655106,105.2111753371869,44.55953757225434,23.561849710982656,8.930250481695568,79.05857418111754,53.14296724470135,41.44200385356454,39.19306358381503,59.49210019267822,184.77495183044314,7.964161849710982,26.539499036608863,584.2755298651252,13.0,8.0,21.0,0.0,0.0
MIN,2,WE,N,6.0,1831.0,592.0,571.0,870.0,495.0,690.0,237.0,497.0,63.0,2193.0,1758.0,702.0,481.0,977.0,472.0,707.0,275.0,547.0,130.0,2188.0,15.0,17.0,32.0,8.0,8.0,7.0,9.0,5.0,16.0,6425.0,1.0,1.0,72.35714285714286,173.21428571428572,24.642857142857142,0.0,0.0,210.11601981833195,97.06564822460777,45.85590421139555,23.433526011560694,10.277456647398845,73.58546655656482,58.56151940545004,44.933938893476466,46.76713459950454,58.63955408753096,181.96862097440132,18.011147811725845,53.15937241948802,605.3451692815854,7.0,3.0,10.0,0.0,0.8823529411764706
MIN,3,WE,N,6.0,1810.0,727.0,552.0,1001.0,437.0,695.0,210.0,507.0,127.0,2077.0,1927.0,624.0,472.0,1016.0,511.0,719.0,259.0,470.0,126.0,2156.0,12.0,20.0,32.0,6.0,10.0,6.0,10.0,9.0,12.0,6475.0,1.1,1.1,72.0,173.2,27.0,7.25,9.0,233.43790186125213,105.93739424703891,52.27140439932318,31.799661590524533,14.296446700507614,83.30998307952623,66.78849407783417,50.354653130287645,54.90219966159052,65.54010152284265,200.20439932318104,16.463282571912014,52.38206429780033,629.2111675126904,3.0,5.0,8.0,0.0,0.6
MIN,3,WE,N,6.0,1810.0,727.0,552.0,1001.0,437.0,695.0,210.0,507.0,127.0,2077.0,1927.0,624.0,472.0,1016.0,511.0,719.0,259.0,470.0,126.0,2156.0,12.0,20.0,32.0,6.0,10.0,6.0,10.0,9.0,12.0,6475.0,1.1,1.1,72.0,173.2,27.0,7.25,9.0,233.43790186125213,105.93739424703891,52.27140439932318,31.799661590524533,14.296446700507614,83.30998307952623,66.78849407783417,50.354653130287645,54.90219966159052,65.54010152284265,200.20439932318104,16.463282571912014,52.38206429780033,629.2111675126904,3.0,5.0,8.0,0.0,1.3600140924702329
MIN,4,WE,Y,8.0,1775.0,578.0,500.0,959.0,466.0,617.0,226.0,529.0,102.0,2003.0,1807.0,613.0,389.0,914.0,495.0,618.0,273.0,465.0,117.0,2104.0,10.0,22.0,32.0,7.0,9.0,3.0,13.0,6.0,15.0,6475.0,1.1,1.0,72.66666666666667,143.44444444444446,28.0,6.333333333333333,8.333333333333334,270.9777777777778,124.97979797979798,58.0070707070707,29.037373737373734,12.368686868686869,97.66262626262626,76.86464646464646,58.63636363636364,50.03333333333333,71.66969696969697,226.2171717171717,17.016161616161618,48.41212121212121,718.6333333333333,4.0,6.0,10.0,0.0,1.1247610404731148
MIN,5,WE,Y,4.0,1978.0,624.0,524.0,1079.0,580.0,634.0,242.0,558.0,101.0,2380.0,2067.0,633.0,446.0,989.0,528.0,666.0,271.0,471.0,126.0,2370.0,18.0,16.0,34.0,11.0,6.0,7.0,10.0,14.0,10.0,6850.0,1.0,2.0,72.58333333333333,175.16666666666666,27.666666666666668,8.0,10.333333333333334,268.4104046242774,117.96531791907513,52.34971098265896,36.01782273603083,13.248073217726395,96.20327552986514,80.13102119460501,59.48458574181117,52.328998073217726,65.26589595375722,232.02601156069363,16.51926782273603,53.83718689788054,720.1305394990367,8.0,6.0,14.0,1.0,1.0555555555555556
MIN,6,WE,N,3.0,1900.0,640.0,542.0,1056.0,526.0,660.0,257.0,613.0,139.0,2165.0,1972.0,669.0,330.0,1036.0,508.0,676.0,333.0,502.0,133.0,2190.0,18.0,16.0,34.0,11.0,6.0,7.0,10.0,12.0,10.0,6850.0,1.5,2.0,73.21428571428571,168.71428571428572,25.571428571428573,0.0,16.0,161.36693255982595,70.86584481508339,33.58158085569253,15.999274836838287,7.635242929659173,58.87853517041334,35.83248730964467,27.117113850616388,33.71899927483684,44.5859318346628,142.08085569253083,16.492748368382887,43.818709209572155,460.7382160986222,8.0,8.0,16.0,0.0,1.0
MIN,7,WE,N,6.0,1946.0,601.0,492.0,1025.0,531.0,624.0,258.0,536.0,127.0,2211.0,2019.0,592.0,376.0,1055.0,537.0,665.0,275.0,487.0,144.0,2288.0,14.0,20.0,34.0,11.0,6.0,3.0,14.0,9.0,13.0,6850.0,1.2,1.2,72.0,173.2,27.0,7.25,9.0,233.43790186125213,105.93739424703891,52.27140439932318,31.799661590524533,14.296446700507614,83.30998307952623,66.78849407783417,50.354653130287645,54.90219966159052,65.54010152284265,200.20439932318104,16.463282571912014,52.38206429780033,629.2111675126904,4.0,4.0,8.0,0.0,1.133720939554273
MIN,7,WE,N,6.0,1946.0,601.0,492.0,1025.0,531.0,624.0,258.0,536.0,127.0,2211.0,2019.0,592.0,376.0,1055.0,537.0,665.0,275.0,487.0,144.0,2288.0,14.0,20.0,34.0,11.0,6.0,3.0,14.0,9.0,13.0,6850.0,1.2,1.2,72.0,173.2,27.0,7.25,9.0,233.43790186125213,105.93739424703891,52.27140439932318,31.799661590524533,14.296446700507614,83.30998307952623,66.78849407783417,50.354653130287645,54.90219966159052,65.54010152284265,200.20439932318104,16.463282571912014,52.38206429780033,629.2111675126904,4.0,4.0,8.0,0.0,0.7
MIN,8,WE,N,7.0,2211.0,681.0,419.0,1144.0,491.0,654.0,193.0,530.0,113.0,2523.0,2314.0,719.0,542.0,1204.0,625.0,633.0,308.0,438.0,124.0,2735.0,10.0,24.0,34.0,8.0,9.0,2.0,15.0,6.0,14.0,6825.0,1.5,1.5,71.16666666666667,162.25,27.75,0.0,0.0,0.0,0.0,0.0,0.0,0.0,0.0,0.0,0.0,0.0,0.0,0.0,0.0,0.0,0.0,6.0,7.0,13.0,0.0,1.1367835328367561
MIN,9,WE,N,6.0,2355.0,674.0,496.0,1182.0,596.0,713.0,238.0,561.0,95.0,2636.0,2195.0,785.0,461.0,1118.0,565.0,645.0,279.0,529.0,147.0,2752.0,10.0,24.0,34.0,7.0,10.0,3.0,14.0,8.0,14.0,6875.0,1.5,1.5,71.91666666666667,160.33333333333334,27.25,0.0,0.0,188.46794871794873,93.07051282051282,42.041666666666664,25.39423076923077,7.7131410256410255,68.73076923076924,62.519230769230774,43.43429487179487,43.645833333333336,60.8076923076923,171.31089743589746,7.572115384615384,26.565705128205128,619.3301282051283,8.0,10.0,18.0,0.0,0.4166666666666667
MIN,10,WE,N,7.0,2303.0,864.0,413.0,1145.0,557.0,751.0,309.0,472.0,131.0,2767.0,2220.0,809.0,486.0,1212.0,587.0,748.0,248.0,579.0,140.0,2721.0,16.0,18.0,34.0,9.0,8.0,7.0,10.0,8.0,12.0,6900.0,1.6,1.6,71.66666666666667,169.91666666666666,27.416666666666668,2.0,2.0,296.24583333333334,116.58194444444445,67.20694444444445,31.21388888888889,14.677777777777777,109.09583333333335,74.79305555555555,55.46666666666667,53.86666666666667,74.38888888888889,244.36111111111111,22.587500000000002,60.77361111111111,844.6513888888888,9.0,13.0,22.0,0.0,1.0569133767276182
MIN,11,WE,-1,5.0,2257.0,766.0,695.0,1087.0,509.0,693.0,301.0,513.0,128.0,2731.0,2260.0,711.0,510.0,1165.0,589.0,694.0,250.0,543.0,140.0,2827.0,14.0,20.0,34.0,9.0,8.0,5.0,12.0,7.0,13.0,6875.0,1.5,1.6,71.66666666666667,162.33333333333334,28.666666666666668,10.8,10.8,308.66249999999997,116.83194444444445,70.62361111111112,31.96388888888889,13.594444444444443,108.84583333333335,87.95972222222223,71.55,57.53333333333333,58.888888888888886,259.77777777777777,19.420833333333334,57.606944444444444,824.4847222222221,0.0,0.0,0.0,0.0,0.0
NYL,1,EA,Y,0.0,0.0,0.0,0.0,0.0,0.0,0.0,0.0,0.0,0.0,0.0,0.0,0.0,0.0,0.0,0.0,0.0,0.0,0.0,0.0,0.0,0.0,0.0,0.0,0.0,0.0,0.0,0.0,0.0,0.0,0.0,0.0,0.0,72.08333333333333,168.83333333333334,27.083333333333332,0.0,3.0,219.78343313373253,89.30189620758483,39.797405189620754,21.65818363273453,12.14071856287425,80.78842315369262,53.44461077844311,42.07335329341317,40.40319361277445,49.996506986027946,182.10528942115766,16.13323353293413,45.0558882235529,599.5838323353294,13.0,6.0,19.0,0.0,0.0
NYL,2,EA,Y,1.0,1815.0,567.0,396.0,940.0,477.0,617.0,246.0,474.0,102.0,2148.0,1822.0,590.0,420.0,967.0,462.0,645.0,223.0,479.0,94.0,2035.0,20.0,12.0,32.0,12.0,4.0,8.0,8.0,14.0,7.0,6425.0,4.0,3.0,71.93333333333334,167.4,26.333333333333332,0.0,0.0,197.2943820224719,83.51086142322099,48.31086142322098,20.154307116104867,11.031460674157303,71.67565543071161,43.26142322097378,34.27116104868914,42.77265917602996,51.84307116104869,168.42209737827716,19.67191011235955,55.4752808988764,597.178277153558,8.0,7.0,15.0,0.0,1.6
NYL,3,EA,Y,2.0,1828.0,500.0,421.0,915.0,553.0,616.0,265.0,437.0,82.0,2162.0,1759.0,640.0,394.0,983.0,430.0,600.0,223.0,496.0,76.0,2082.0,21.0,11.0,32.0,13.0,3.0,8.0,8.0,13.0,8.0,6400.0,3.0,3.0,71.61538461538461,169.3846153846154,26.0,0.0,0.0,208.20118343195267,93.14201183431952,45.5,24.51775147928994,9.735207100591715,74.21301775147928,65.09467455621301,47.55473372781065,48.28846153846154,65.59171597633136,174.3639053254438,12.220414201183432,37.82988165680474,621.2278106508876,3.0,4.0,7.0,0.0,1.7142857142857142
NYL,4,EA,N,1.0,1740.0,567.0,400.0,870.0,496.0,638.0,261.0,458.0,100.0,2089.0,1733.0,645.0,434.0,961.0,410.0,597.0,228.0,478.0,88.0,2015.0,18.0,14.0,32.0,10.0,6.0,8.0,8.0,11.0,10.0,6450.0,4.0,4.0,71.6923076923077,170.23076923076923,26.23076923076923,3.5,3.5,163.0134704005672,82.94966323998582,45.50620347394541,21.151010280042538,8.6937256292095,57.42289968096419,48.19248493442042,34.9992910315491,38.21658986175115,48.3335696561503,141.5402339595888,13.168380007089684,36.49911378943637,544.4140375753279,5.0,4.0,9.0,0.0,1.2222222222222223
NYL,5,EA,Y,6.0,1923.0,537.0,500.0,957.0,527.0,587.0,262.0,470.0,128.0,2243.0,1959.0,581.0,467.0,1062.0,506.0,614.0,269.0,480.0,96.0,2256.0,16.0,18.0,34.0,11.0,6.0,5.0,12.0,11.0,13.0,6850.0,1.4,1.3,71.7,168.6,27.636363636363637,0.0,0.0,273.1181818181818,108.36262626262625,59.51414141414141,24.79191919191919,20.371717171717172,97.97878787878788,85.81919191919192,65.9151515151515,59.02424242424242,69.58585858585859,229.86868686868686,11.245454545454546,34.22929292929293,738.6252525252526,4.0,3.0,7.0,0.0,0.8888888888888888
NYL,5,EA,Y,6.0,1923.0,537.0,500.0,957.0,527.0,587.0,262.0,470.0,128.0,2243.0,1959.0,581.0,467.0,1062.0,506.0,614.0,269.0,480.0,96.0,2256.0,16.0,18.0,34.0,11.0,6.0,5.0,12.0,11.0,13.0,6850.0,1.4,1.3,71.7,168.6,27.636363636363637,0.0,0.0,273.1181818181818,108.36262626262625,59.51414141414141,24.79191919191919,20.371717171717172,97.97878787878788,85.81919191919192,65.9151515151515,59.02424242424242,69.58585858585859,229.86868686868686,11.245454545454546,34.22929292929293,738.6252525252526,4.0,3.0,7.0,0.0,1.1275522713762844
NYL,6,EA,Y,2.0,1932.0,531.0,617.0,1004.0,539.0,587.0,209.0,506.0,124.0,2252.0,2096.0,579.0,416.0,1101.0,517.0,589.0,288.0,430.0,123.0,2297.0,18.0,16.0,34.0,11.0,6.0,7.0,10.0,10.0,10.0,6900.0,2.0,3.0,70.92307692307692,162.84615384615384,26.76923076923077,0.0,0.0,0.0,0.0,0.0,0.0,0.0,0.0,0.0,0.0,0.0,0.0,0.0,0.0,0.0,0.0,6.0,10.0,16.0,0.0,1.3
NYL,7,EA,N,3.0,1860.0,552.0,605.0,974.0,498.0,613.0,214.0,462.0,112.0,2316.0,2012.0,608.0,398.0,1030.0,473.0,590.0,275.0,411.0,86.0,2285.0,18.0,16.0,34.0,10.0,7.0,8.0,9.0,9.0,11.0,6925.0,1.2,2.0,71.86666666666666,170.93333333333334,25.666666666666668,0.0,0.0,181.32051282051282,84.36153846153846,40.583333333333336,23.024358974358975,8.085256410256411,67.59230769230768,49.07435897435898,36.30705128205128,41.458333333333336,56.05641025641025,154.024358974359,9.828846153846154,30.526282051282053,550.7987179487179,9.0,8.0,17.0,0.0,1.0
NYL,8,EA,Y,5.0,2069.0,650.0,645.0,1021.0,475.0,674.0,252.0,576.0,112.0,2372.0,2153.0,722.0,461.0,1173.0,508.0,668.0,270.0,485.0,134.0,2656.0,11.0,23.0,34.0,7.0,10.0,4.0,13.0,7.0,13.0,6875.0,1.5,1.5,71.86666666666666,164.6,25.8,0.0,0.0,161.10168970814132,76.5357910906298,39.91612903225806,21.5926267281106,10.603686635944701,58.432872503840244,46.76712749615976,33.13149001536098,36.763133640552994,50.86728110599078,151.67127496159756,11.104454685099848,36.56436251920123,542.8764976958525,8.0,5.0,13.0,0.0,0.4782608695652174
NYL,9,EA,Y,4.0,2087.0,580.0,653.0,1075.0,500.0,618.0,289.0,612.0,109.0,2413.0,2223.0,619.0,589.0,1215.0,509.0,608.0,321.0,562.0,115.0,2501.0,16.0,18.0,34.0,10.0,7.0,6.0,11.0,10.0,10.0,6850.0,1.0,2.0,72.07142857142857,166.64285714285714,27.5,0.0,0.0,203.54642857142858,85.78531746031747,44.55912698412698,24.3468253968254,12.86031746031746,74.88452380952381,48.96468253968254,38.39523809523809,40.7952380952381,51.873015873015866,181.984126984127,15.382142857142856,45.69722222222223,595.495634920635,4.0,4.0,8.0,0.0,0.85
NYL,10,EA,N,3.0,2168.0,653.0,706.0,1105.0,551.0,655.0,290.0,547.0,117.0,2573.0,2163.0,674.0,485.0,1175.0,496.0,625.0,285.0,559.0,109.0,2538.0,19.0,15.0,34.0,11.0,6.0,8.0,9.0,11.0,9.0,6900.0,3.0,3.0,72.41666666666667,167.83333333333334,27.416666666666668,2.5,4.25,257.7000998003992,114.55189620758483,53.047405189620754,22.241516966067863,13.89071856287425,95.03842315369262,66.77794411177645,51.156686626746506,46.569860279441116,61.829840319361274,222.60528942115766,16.466566866267467,50.72255489021956,641.3338323353294,2.0,11.0,13.0,0.0,1.2222222222222223
NYL,10,EA,N,3.0,2168.0,653.0,706.0,1105.0,551.0,655.0,290.0,547.0,117.0,2573.0,2163.0,674.0,485.0,1175.0,496.0,625.0,285.0,559.0,109.0,2538.0,19.0,15.0,34.0,11.0,6.0,8.0,9.0,11.0,9.0,6900.0,3.0,3.0,72.41666666666667,167.83333333333334,27.416666666666668,2.5,4.25,257.7000998003992,114.55189620758483,53.047405189620754,22.241516966067863,13.89071856287425,95.03842315369262,66.77794411177645,51.156686626746506,46.569860279441116,61.829840319361274,222.60528942115766,16.466566866267467,50.72255489021956,641.3338323353294,2.0,11.0,13.0,0.0,0.8947368421052632
NYL,11,EA,-1,7.0,2168.0,582.0,710.0,1082.0,526.0,637.0,276.0,543.0,121.0,2512.0,2157.0,673.0,554.0,1202.0,482.0,590.0,269.0,548.0,124.0,2535.0,13.0,21.0,34.0,8.0,9.0,5.0,12.0,9.0,13.0,6900.0,1.5,1.6,72.0,161.6153846153846,28.0,10.0,17.333333333333332,206.76923076923077,87.46153846153847,42.07692307692308,21.846153846153847,11.923076923076923,74.3076923076923,59.15384615384615,44.61538461538461,40.38461538461539,45.61538461538461,178.3846153846154,13.538461538461538,39.53846153846154,568.6153846153846,0.0,0.0,0.0,0.0,0.75
ORL,1,EA,Y,0.0,0.0,0.0,0.0,0.0,0.0,0.0,0.0,0.0,0.0,0.0,0.0,0.0,0.0,0.0,0.0,0.0,0.0,0.0,0.0,0.0,0.0,0.0,0.0,0.0,0.0,0.0,0.0,0.0,0.0,0.0,0.0,0.0,72.21428571428571,161.64285714285714,27.071428571428573,0.0,0.0,9.928571428571429,2.9285714285714284,3.2142857142857144,1.0,0.35714285714285715,3.9285714285714284,2.5,1.6428571428571428,3.0,2.5,11.142857142857142,0.42857142857142855,2.642857142857143,34.642857142857146,13.0,4.0,17.0,0.0,0.0
ORL,2,EA,N,3.0,1911.0,546.0,424.0,925.0,473.0,583.0,255.0,486.0,130.0,2208.0,1964.0,495.0,450.0,1017.0,536.0,637.0,264.0,500.0,108.0,2233.0,16.0,16.0,32.0,11.0,5.0,5.0,11.0,13.0,8.0,6500.0,1.0,2.0,73.15384615384616,167.15384615384616,27.692307692307693,0.0,0.0,139.29289940828403,61.57100591715976,33.90384615384615,19.720414201183434,7.790680473372782,50.760355029585796,43.9319526627219,28.58505917159763,39.91346153846154,51.680473372781066,128.72041420118344,9.187130177514792,29.838017751479292,485.22928994082844,4.0,3.0,7.0,0.0,0.9444444444444444
ORL,3,EA,N,5.0,1914.0,587.0,532.0,970.0,452.0,643.0,320.0,532.0,125.0,2140.0,1831.0,605.0,438.0,975.0,534.0,600.0,298.0,546.0,114.0,2205.0,13.0,19.0,32.0,10.0,6.0,3.0,13.0,9.0,12.0,6450.0,1.1,1.1,73.06666666666666,165.26666666666668,26.266666666666666,0.0,0.0,113.75668202764976,55.57941628264209,26.744086021505375,14.9284178187404,5.669124423963134,41.73302611367127,34.600307219662064,24.465437788018434,30.108755760368663,35.97818740399386,107.60307219662059,5.825192012288786,18.33179723502304,382.85099846390165,4.0,14.0,18.0,0.0,1.3600140924702329
PHO,1,WE,Y,0.0,0.0,0.0,0.0,0.0,0.0,0.0,0.0,0.0,0.0,0.0,0.0,0.0,0.0,0.0,0.0,0.0,0.0,0.0,0.0,0.0,0.0,0.0,0.0,0.0,0.0,0.0,0.0,0.0,0.0,0.0,0.0,0.0,73.15384615384616,168.76923076923077,25.692307692307693,6.333333333333333,8.666666666666666,238.56611927398444,97.03370786516854,49.80293863439931,23.55315471045808,14.36819360414866,86.78651685393258,60.09248055315471,46.31633535004322,43.921780466724286,55.80077787381158,198.63223854796888,18.67675021607606,47.83707865168539,631.4710458081245,14.0,5.0,19.0,0.0,0.0
PHO,2,WE,N,4.0,1800.0,661.0,394.0,894.0,465.0,630.0,285.0,429.0,91.0,2243.0,1828.0,574.0,416.0,969.0,486.0,699.0,224.0,531.0,91.0,2102.0,20.0,12.0,32.0,11.0,5.0,9.0,7.0,11.0,10.0,6425.0,1.0,2.0,72.46153846153847,176.0,27.23076923076923,12.333333333333334,15.666666666666666,240.91282051282053,102.73426573426573,58.69557109557109,24.530069930069928,14.888111888111887,86.84428904428904,68.52727272727273,52.72960372960373,51.194871794871794,67.77062937062936,206.22843822843822,14.494638694638695,45.24149184149184,668.4717948717948,9.0,9.0,18.0,0.0,1.4537209923945529
PHO,3,WE,N,5.0,1894.0,587.0,313.0,942.0,514.0,625.0,292.0,519.0,138.0,2064.0,1892.0,584.0,391.0,1031.0,524.0,603.0,283.0,517.0,127.0,2169.0,13.0,19.0,32.0,10.0,6.0,3.0,13.0,8.0,13.0,6450.0,1.1,1.1,71.33333333333333,166.66666666666666,25.133333333333333,0.0,0.0,178.99250936329588,75.50337078651685,42.77003745318352,18.783520599250938,11.64194756554307,64.01198501872659,50.77078651685393,36.005992509363296,42.05243445692884,52.10187265917603,163.18501872659175,14.962546816479401,44.76704119850187,556.3932584269663,7.0,9.0,16.0,0.0,0.6842105263157895
PHO,3,WE,N,5.0,1894.0,587.0,313.0,942.0,514.0,625.0,292.0,519.0,138.0,2064.0,1892.0,584.0,391.0,1031.0,524.0,603.0,283.0,517.0,127.0,2169.0,13.0,19.0,32.0,10.0,6.0,3.0,13.0,8.0,13.0,6450.0,1.1,1.1,71.33333333333333,166.66666666666666,25.133333333333333,0.0,0.0,178.99250936329588,75.50337078651685,42.77003745318352,18.783520599250938,11.64194756554307,64.01198501872659,50.77078651685393,36.005992509363296,42.05243445692884,52.10187265917603,163.18501872659175,14.962546816479401,44.76704119850187,556.3932584269663,7.0,9.0,16.0,0.0,1.3600140924702329
PHO,4,WE,N,7.0,1889.0,538.0,328.0,918.0,427.0,623.0,267.0,501.0,94.0,2091.0,1870.0,608.0,388.0,1001.0,532.0,600.0,268.0,491.0,127.0,2291.0,11.0,21.0,32.0,10.0,6.0,1.0,15.0,7.0,14.0,6400.0,1.1,1.0,72.46153846153847,170.0,26.53846153846154,2.6666666666666665,2.6666666666666665,222.0247863247863,104.6982905982906,44.17777777777778,23.10683760683761,14.435042735042735,80.63333333333334,71.16068376068377,49.324786324786324,51.4034188034188,67.03760683760683,203.5982905982906,11.433333333333334,36.38034188034188,648.3017094017093,16.0,14.0,30.0,0.0,1.1247610404731148
PHO,5,WE,N,7.0,2095.0,556.0,349.0,1000.0,461.0,664.0,310.0,479.0,111.0,2097.0,1867.0,626.0,371.0,1114.0,509.0,667.0,275.0,610.0,146.0,2270.0,8.0,26.0,34.0,6.0,11.0,2.0,15.0,5.0,19.0,6925.0,1.4,1.3,73.15384615384616,168.76923076923077,25.692307692307693,6.333333333333333,8.666666666666666,238.56611927398444,97.03370786516854,49.80293863439931,23.55315471045808,14.36819360414866,86.78651685393258,60.09248055315471,46.31633535004322,43.921780466724286,55.80077787381158,198.63223854796888,18.67675021607606,47.83707865168539,631.4710458081245,8.0,8.0,16.0,0.0,1.1275522713762844
PHO,6,WE,N,5.0,1922.0,598.0,519.0,916.0,501.0,748.0,282.0,464.0,137.0,2300.0,1845.0,724.0,348.0,1020.0,456.0,660.0,226.0,536.0,137.0,2235.0,17.0,17.0,34.0,10.0,7.0,7.0,10.0,11.0,11.0,6825.0,1.5,1.5,72.21428571428571,160.5,25.214285714285715,0.0,0.0,127.7845238095238,51.00833333333333,27.961904761904766,14.07738095238095,6.570238095238095,44.989285714285714,33.93809523809524,26.952380952380956,30.597619047619048,38.195238095238096,107.44047619047619,10.853571428571428,32.529761904761905,397.3488095238095,7.0,10.0,17.0,0.0,1.0
PHO,7,WE,N,5.0,1994.0,693.0,539.0,1062.0,549.0,697.0,243.0,517.0,179.0,2361.0,1993.0,720.0,332.0,1024.0,470.0,672.0,265.0,483.0,112.0,2354.0,16.0,18.0,34.0,11.0,6.0,5.0,12.0,12.0,10.0,6800.0,1.2,1.2,72.35714285714286,173.21428571428572,24.642857142857142,0.0,0.0,210.11601981833195,97.06564822460777,45.85590421139555,23.433526011560694,10.277456647398845,73.58546655656482,58.56151940545004,44.933938893476466,46.76713459950454,58.63955408753096,181.96862097440132,18.011147811725845,53.15937241948802,605.3451692815854,11.0,9.0,20.0,0.0,1.133720939554273
PHO,8,WE,Y,5.0,2434.0,684.0,722.0,1145.0,640.0,741.0,275.0,442.0,127.0,2960.0,2360.0,852.0,618.0,1283.0,578.0,669.0,231.0,537.0,126.0,2879.0,18.0,16.0,34.0,10.0,7.0,8.0,9.0,8.0,12.0,6900.0,1.5,1.5,71.84615384615384,173.07692307692307,24.46153846153846,6.0,6.0,240.59273721202655,107.32174931667318,50.86255368996486,28.075751659508004,11.180007809449434,86.91917219836002,58.729402577118314,43.68918391253416,55.35376805935182,60.94650527137837,207.7844591956267,23.06520890277236,63.55329949238579,670.5001952362359,5.0,5.0,10.0,0.0,1.125
PHO,9,WE,N,1.0,2419.0,754.0,802.0,1152.0,683.0,658.0,285.0,486.0,159.0,3025.0,2526.0,716.0,762.0,1390.0,628.0,684.0,244.0,595.0,109.0,2904.0,23.0,11.0,34.0,12.0,5.0,11.0,6.0,17.0,5.0,6850.0,7.0,2.0,72.72727272727273,179.1818181818182,25.0,6.0,6.0,270.44242424242424,121.0495867768595,58.00385674931129,29.08099173553719,12.231404958677684,97.72506887052342,67.44132231404959,49.40771349862259,53.5030303030303,69.63801652892562,232.17906336088154,25.584573002754823,70.19449035812671,730.6484848484848,7.0,7.0,14.0,0.0,1.026700788277524
PHO,10,WE,Y,6.0,2485.0,773.0,701.0,1226.0,560.0,794.0,232.0,489.0,156.0,3010.0,2460.0,932.0,695.0,1298.0,650.0,717.0,234.0,500.0,129.0,3009.0,16.0,18.0,34.0,10.0,7.0,6.0,11.0,8.0,12.0,6825.0,1.6,1.6,71.6923076923077,168.84615384615384,26.53846153846154,0.0,0.0,0.0,0.0,0.0,0.0,0.0,0.0,0.0,0.0,0.0,0.0,0.0,0.0,0.0,0.0,4.0,12.0,16.0,0.0,0.8888888888888888
PHO,11,WE,-1,1.0,2454.0,752.0,665.0,1190.0,625.0,740.0,225.0,500.0,181.0,3156.0,2582.0,851.0,608.0,1285.0,607.0,671.0,260.0,460.0,143.0,3031.0,23.0,11.0,34.0,12.0,5.0,11.0,6.0,13.0,7.0,6900.0,7.0,4.0,71.57142857142857,162.92857142857142,27.866666666666667,9.0,27.333333333333332,235.91370558375635,121.01218274111675,41.74754653130287,21.33231810490694,16.622673434856175,88.32994923857868,60.4321489001692,45.46395939086294,48.90659898477158,66.15363790186126,211.5465313028765,13.789847715736041,40.34619289340102,600.8335025380711,0.0,0.0,0.0,0.0,2.0
POR,1,WE,N,0.0,0.0,0.0,0.0,0.0,0.0,0.0,0.0,0.0,0.0,0.0,0.0,0.0,0.0,0.0,0.0,0.0,0.0,0.0,0.0,0.0,0.0,0.0,0.0,0.0,0.0,0.0,0.0,0.0,0.0,0.0,0.0,0.0,72.28571428571429,166.35714285714286,27.071428571428573,0.0,0.0,219.31593406593407,94.16208791208791,40.30357142857143,23.721153846153843,12.274038461538462,83.68956043956044,59.310439560439555,41.701236263736256,45.1875,59.18131868131868,182.43543956043956,10.235576923076922,31.19162087912088,607.9244505494506,12.0,5.0,17.0,0.0,0.0
POR,2,WE,N,7.0,1828.0,697.0,433.0,936.0,480.0,761.0,265.0,593.0,93.0,2155.0,1847.0,766.0,447.0,953.0,487.0,729.0,277.0,531.0,130.0,2303.0,10.0,22.0,32.0,6.0,10.0,4.0,12.0,4.0,17.0,6525.0,1.0,1.0,72.64285714285714,165.85714285714286,29.857142857142858,0.0,0.0,214.31073074391045,101.0493745885451,51.51152073732719,24.851876234364713,14.216919025674786,77.42824226464779,59.28604344963792,44.14154048716261,44.187952600395,56.26234364713628,185.36043449637918,15.31270572745227,39.71263989466754,622.4117840684661,6.0,2.0,8.0,0.0,0.45454545454545453
POR,3,WE,N,7.0,1891.0,612.0,519.0,996.0,451.0,633.0,244.0,500.0,106.0,2088.0,1944.0,656.0,410.0,1106.0,501.0,643.0,293.0,474.0,144.0,2202.0,11.0,21.0,32.0,6.0,10.0,5.0,11.0,5.0,16.0,6525.0,1.1,1.1,72.16666666666667,161.25,25.666666666666668,3.0,3.0,247.03343313373253,109.4685628742515,55.464071856287426,23.40818363273453,10.224051896207586,93.62175648702595,59.77794411177644,44.57335329341317,45.65319361277445,64.74650698602794,226.85528942115766,15.216566866267465,47.222554890219556,675.750499001996,2.0,13.0,15.0,0.0,0.5238095238095238
SAC,1,WE,Y,0.0,0.0,0.0,0.0,0.0,0.0,0.0,0.0,0.0,0.0,0.0,0.0,0.0,0.0,0.0,0.0,0.0,0.0,0.0,0.0,0.0,0.0,0.0,0.0,0.0,0.0,0.0,0.0,0.0,0.0,0.0,0.0,0.0,71.0,158.3846153846154,26.846153846153847,3.0,3.0,184.76490924805532,90.13656006914434,34.90579083837511,20.75972342264477,11.716508210890234,69.23768366464995,54.02160760587727,38.38807260155575,37.030250648228176,60.52031114952463,160.83751080380293,7.901469317199655,20.980985306828003,588.8807260155575,12.0,4.0,16.0,0.0,0.0
SAC,2,WE,Y,3.0,1993.0,650.0,459.0,1038.0,567.0,571.0,332.0,458.0,157.0,2343.0,1918.0,544.0,418.0,951.0,503.0,600.0,226.0,524.0,116.0,2176.0,21.0,11.0,32.0,13.0,3.0,8.0,8.0,13.0,8.0,6400.0,1.0,2.0,71.83333333333333,169.66666666666666,27.25,2.5,5.5,206.9986111111111,84.6763888888889,41.03888888888889,22.67361111111111,7.665277777777778,75.15416666666667,53.59444444444444,38.69444444444445,36.94722222222222,60.144444444444446,181.5972222222222,17.995833333333334,53.86805555555555,609.4069444444444,5.0,4.0,9.0,0.0,1.6153846153846154
SAC,2,WE,Y,3.0,1993.0,650.0,459.0,1038.0,567.0,571.0,332.0,458.0,157.0,2343.0,1918.0,544.0,418.0,951.0,503.0,600.0,226.0,524.0,116.0,2176.0,21.0,11.0,32.0,13.0,3.0,8.0,8.0,13.0,8.0,6400.0,1.0,2.0,71.83333333333333,169.66666666666666,27.25,2.5,5.5,206.9986111111111,84.6763888888889,41.03888888888889,22.67361111111111,7.665277777777778,75.15416666666667,53.59444444444444,38.69444444444445,36.94722222222222,60.144444444444446,181.5972222222222,17.995833333333334,53.86805555555555,609.4069444444444,5.0,4.0,9.0,0.0,1.4537209923945529
SAC,3,WE,N,2.0,1974.0,618.0,423.0,1097.0,558.0,588.0,276.0,494.0,158.0,2294.0,2003.0,578.0,400.0,1005.0,496.0,616.0,261.0,481.0,143.0,2139.0,20.0,12.0,32.0,12.0,4.0,8.0,8.0,13.0,8.0,6525.0,3.0,2.0,72.6,173.26666666666668,27.266666666666666,0.0,5.5,244.18998073217728,99.54450867052023,50.22620423892101,26.361849710982657,10.196917148362235,87.65857418111753,69.40963391136802,51.84200385356454,46.19306358381503,67.29210019267822,198.8416184971098,17.03082851637765,49.40616570327553,617.0088631984586,5.0,6.0,11.0,0.0,2.125
SAC,4,WE,Y,6.0,1945.0,653.0,395.0,949.0,500.0,675.0,247.0,456.0,109.0,2166.0,1944.0,681.0,453.0,1075.0,493.0,633.0,233.0,496.0,128.0,2294.0,14.0,18.0,32.0,10.0,6.0,4.0,12.0,8.0,13.0,6575.0,1.1,1.0,71.625,167.375,26.25,0.0,2.0,197.9460659898477,90.94511421319797,34.75888324873097,20.311865482233504,9.430837563451776,71.26871827411168,56.97842639593909,43.72747461928934,40.254124365482234,55.57519035532995,162.50824873096445,11.681154822335026,34.46637055837564,520.7084390862944,3.0,1.0,4.0,0.0,0.7777777777777778
SAC,4,WE,Y,6.0,1945.0,653.0,395.0,949.0,500.0,675.0,247.0,456.0,109.0,2166.0,1944.0,681.0,453.0,1075.0,493.0,633.0,233.0,496.0,128.0,2294.0,14.0,18.0,32.0,10.0,6.0,4.0,12.0,8.0,13.0,6575.0,1.1,1.0,71.625,167.375,26.25,0.0,2.0,197.9460659898477,90.94511421319797,34.75888324873097,20.311865482233504,9.430837563451776,71.26871827411168,56.97842639593909,43.72747461928934,40.254124365482234,55.57519035532995,162.50824873096445,11.681154822335026,34.46637055837564,520.7084390862944,3.0,1.0,4.0,0.0,1.1247610404731148
SAC,5,WE,Y,3.0,2107.0,626.0,473.0,1067.0,568.0,641.0,297.0,461.0,122.0,2299.0,1991.0,597.0,467.0,1096.0,516.0,640.0,224.0,576.0,141.0,2216.0,19.0,15.0,34.0,12.0,5.0,7.0,10.0,13.0,11.0,6825.0,3.0,3.0,72.16666666666667,172.91666666666666,26.0,0.0,0.0,219.65555555555557,97.12878787878788,49.50353535353535,23.157575757575756,8.545454545454545,78.58131313131314,73.73787878787878,50.12373737373738,50.71111111111111,74.91818181818182,194.33080808080808,12.36919191919192,38.928282828282825,611.9277777777778,2.0,6.0,8.0,0.0,2.142857142857143
SAC,6,WE,Y,4.0,2072.0,604.0,365.0,1024.0,519.0,641.0,314.0,485.0,118.0,2312.0,1872.0,631.0,458.0,986.0,513.0,646.0,241.0,593.0,117.0,2241.0,18.0,16.0,34.0,10.0,7.0,8.0,9.0,12.0,10.0,6900.0,3.0,3.0,73.28571428571429,170.07142857142858,27.5,16.2,26.4,227.55039883973896,105.22733865119652,45.94379985496737,21.85605511240029,13.810007251631617,83.13923132704859,62.67730239303843,47.78281363306744,45.757070340826694,55.8788977519942,186.2284263959391,13.48912255257433,38.15663524292966,600.9644670050762,6.0,4.0,10.0,1.0,1.105263157894737
SAC,7,WE,Y,1.0,1986.0,721.0,360.0,1043.0,527.0,684.0,304.0,500.0,108.0,2329.0,1823.0,653.0,376.0,967.0,463.0,723.0,235.0,622.0,132.0,2093.0,25.0,9.0,34.0,15.0,2.0,10.0,7.0,17.0,5.0,6800.0,7.0,1.0,71.66666666666667,168.0,27.083333333333332,3.25,3.25,231.4513108614232,112.8052434456929,53.13857677902622,29.10955056179775,13.455992509363297,84.59456928838951,60.91011235955056,47.25561797752809,48.049157303370784,67.8871722846442,206.52762172284645,15.006554307116104,43.3441011235955,676.6395131086142,2.0,2.0,4.0,0.0,3.2
SAC,8,WE,Y,2.0,2190.0,741.0,461.0,1138.0,509.0,670.0,330.0,542.0,88.0,2537.0,2021.0,661.0,507.0,1019.0,507.0,687.0,244.0,633.0,143.0,2404.0,21.0,13.0,34.0,14.0,3.0,7.0,10.0,10.0,10.0,6875.0,6.0,3.0,71.0909090909091,146.0,27.454545454545453,0.0,4.5,270.2459621596677,114.47115828334103,65.11029072450391,26.90770650669128,15.030918320258422,101.17720350715275,62.498384863867095,49.63267189663129,54.690816797415785,67.1185971389017,227.38163359483158,18.258883248730964,48.108444854637746,709.5911398246424,4.0,3.0,7.0,0.0,1.1367835328367561
SAC,9,WE,Y,3.0,2214.0,745.0,429.0,1175.0,537.0,642.0,325.0,611.0,101.0,2527.0,2081.0,664.0,547.0,1026.0,542.0,689.0,274.0,649.0,141.0,2480.0,19.0,15.0,34.0,12.0,5.0,7.0,10.0,12.0,10.0,6950.0,1.0,2.0,71.53846153846153,168.07692307692307,25.76923076923077,0.0,0.0,192.20772775611482,91.02942219071252,42.7940446650124,25.14250265863169,8.774902516838,73.46082949308756,47.769939737681675,35.766394895427155,38.943282523927685,50.64197093229351,168.62247429989367,9.519673874512584,29.688762850053173,593.5023041474655,4.0,6.0,10.0,0.0,1.1764705882352942
SAC,10,WE,N,4.0,2159.0,816.0,438.0,1109.0,473.0,690.0,319.0,586.0,77.0,2545.0,2128.0,622.0,542.0,1075.0,581.0,759.0,267.0,624.0,206.0,2571.0,18.0,16.0,34.0,13.0,4.0,5.0,12.0,9.0,11.0,6800.0,1.0,2.0,71.72727272727273,166.0,26.181818181818183,7.0,7.0,220.0590909090909,96.5449494949495,50.71161616161616,23.35050505050505,7.185858585858586,78.76212121212122,61.682323232323235,45.775757575757574,46.193939393939395,56.47474747474747,193.97979797979798,16.759090909090908,49.61464646464646,638.0853535353535,6.0,13.0,19.0,0.0,1.0555555555555556
SAC,10,WE,N,4.0,2159.0,816.0,438.0,1109.0,473.0,690.0,319.0,586.0,77.0,2545.0,2128.0,622.0,542.0,1075.0,581.0,759.0,267.0,624.0,206.0,2571.0,18.0,16.0,34.0,13.0,4.0,5.0,12.0,9.0,11.0,6800.0,1.0,2.0,71.72727272727273,166.0,26.181818181818183,7.0,7.0,220.0590909090909,96.5449494949495,50.71161616161616,23.35050505050505,7.185858585858586,78.76212121212122,61.682323232323235,45.775757575757574,46.193939393939395,56.47474747474747,193.97979797979798,16.759090909090908,49.61464646464646,638.0853535353535,6.0,13.0,19.0,0.0,1.6875
SAS,4,WE,N,3.8,1595.8,502.4,373.4,844.6,418.1,519.4,210.9,406.1,96.9,1837.1,1602.6,500.0,370.4,827.8,414.6,521.9,213.1,398.9,97.4,1837.0,13.5,13.9,27.4,8.1,5.6,5.4,8.4,8.9,9.1,5541.1,1.1,1.0,72.0,161.6153846153846,28.0,10.0,17.333333333333332,206.76923076923077,87.46153846153847,42.07692307692308,21.846153846153847,11.923076923076923,74.3076923076923,59.15384615384615,44.61538461538461,40.38461538461539,45.61538461538461,178.3846153846154,13.538461538461538,39.53846153846154,568.6153846153846,11.0,6.0,17.0,0.0,1.1247610404731148
SAS,4,WE,N,3.8,1595.8,502.4,373.4,844.6,418.1,519.4,210.9,406.1,96.9,1837.1,1602.6,500.0,370.4,827.8,414.6,521.9,213.1,398.9,97.4,1837.0,13.5,13.9,27.4,8.1,5.6,5.4,8.4,8.9,9.1,5541.1,1.1,1.0,72.0,161.6153846153846,28.0,10.0,17.333333333333332,206.76923076923077,87.46153846153847,42.07692307692308,21.846153846153847,11.923076923076923,74.3076923076923,59.15384615384615,44.61538461538461,40.38461538461539,45.61538461538461,178.3846153846154,13.538461538461538,39.53846153846154,568.6153846153846,11.0,6.0,17.0,0.0,1.4666666666666666
SAS,5,WE,N,6.0,2068.0,736.0,315.0,1145.0,428.0,728.0,187.0,513.0,167.0,2215.0,2176.0,745.0,482.0,1172.0,530.0,669.0,275.0,424.0,140.0,2427.0,12.0,22.0,34.0,9.0,8.0,3.0,14.0,10.0,14.0,6825.0,1.4,1.3,72.16666666666667,167.41666666666666,25.416666666666668,0.0,0.0,0.0,0.0,0.0,0.0,0.0,0.0,0.0,0.0,0.0,0.0,0.0,0.0,0.0,0.0,10.0,10.0,20.0,0.0,1.0
SAS,5,WE,N,6.0,2068.0,736.0,315.0,1145.0,428.0,728.0,187.0,513.0,167.0,2215.0,2176.0,745.0,482.0,1172.0,530.0,669.0,275.0,424.0,140.0,2427.0,12.0,22.0,34.0,9.0,8.0,3.0,14.0,10.0,14.0,6825.0,1.4,1.3,72.16666666666667,167.41666666666666,25.416666666666668,0.0,0.0,0.0,0.0,0.0,0.0,0.0,0.0,0.0,0.0,0.0,0.0,0.0,0.0,0.0,0.0,10.0,10.0,20.0,0.0,1.0
SAS,6,WE,N,7.0,1940.0,628.0,247.0,1003.0,493.0,628.0,272.0,513.0,106.0,2191.0,2003.0,564.0,469.0,1034.0,575.0,624.0,280.0,492.0,129.0,2364.0,9.0,25.0,34.0,6.0,11.0,3.0,14.0,6.0,16.0,6875.0,1.5,1.5,71.61538461538461,169.3846153846154,26.0,0.0,0.0,208.20118343195267,93.14201183431952,45.5,24.51775147928994,9.735207100591715,74.21301775147928,65.09467455621301,47.55473372781065,48.28846153846154,65.59171597633136,174.3639053254438,12.220414201183432,37.82988165680474,621.2278106508876,8.0,5.0,13.0,0.0,0.9473684210526315
SAS,7,WE,N,7.0,1833.0,652.0,339.0,946.0,433.0,650.0,195.0,535.0,90.0,2141.0,2059.0,611.0,408.0,1055.0,563.0,685.0,283.0,429.0,148.0,2401.0,7.0,27.0,34.0,5.0,12.0,2.0,15.0,3.0,19.0,6800.0,1.2,1.2,71.6923076923077,170.23076923076923,26.23076923076923,3.5,3.5,163.0134704005672,82.94966323998582,45.50620347394541,21.151010280042538,8.6937256292095,57.42289968096419,48.19248493442042,34.9992910315491,38.21658986175115,48.3335696561503,141.5402339595888,13.168380007089684,36.49911378943637,544.4140375753279,3.0,6.0,9.0,0.0,0.25925925925925924
SAS,8,WE,Y,6.0,2255.0,672.0,556.0,1168.0,540.0,610.0,246.0,488.0,83.0,2523.0,2262.0,640.0,459.0,1237.0,560.0,641.0,254.0,480.0,129.0,2603.0,13.0,21.0,34.0,6.0,11.0,7.0,10.0,10.0,10.0,6800.0,1.5,1.5,72.07142857142857,166.64285714285714,27.5,0.0,0.0,203.54642857142858,85.78531746031747,44.55912698412698,24.3468253968254,12.86031746031746,74.88452380952381,48.96468253968254,38.39523809523809,40.7952380952381,51.873015873015866,181.984126984127,15.382142857142856,45.69722222222223,595.495634920635,5.0,4.0,9.0,1.0,0.6190476190476191
SAS,9,WE,Y,2.0,2176.0,577.0,566.0,1087.0,567.0,653.0,283.0,558.0,130.0,2517.0,2139.0,688.0,454.0,1137.0,516.0,619.0,257.0,583.0,137.0,2484.0,20.0,14.0,34.0,9.0,8.0,11.0,6.0,13.0,9.0,6875.0,2.0,3.0,72.41666666666667,167.83333333333334,27.416666666666668,2.5,4.25,257.7000998003992,114.55189620758483,53.047405189620754,22.241516966067863,13.89071856287425,95.03842315369262,66.77794411177645,51.156686626746506,46.569860279441116,61.829840319361274,222.60528942115766,16.466566866267467,50.72255489021956,641.3338323353294,5.0,4.0,9.0,0.0,1.2941176470588236
SAS,10,WE,Y,1.0,2080.0,694.0,539.0,1093.0,601.0,602.0,272.0,525.0,150.0,2546.0,2271.0,634.0,483.0,1206.0,500.0,666.0,278.0,528.0,109.0,2418.0,24.0,10.0,34.0,15.0,2.0,9.0,8.0,10.0,10.0,6850.0,4.0,5.0,71.66666666666667,168.0,27.083333333333332,3.25,3.25,231.4513108614232,112.8052434456929,53.13857677902622,29.10955056179775,13.455992509363297,84.59456928838951,60.91011235955056,47.25561797752809,48.049157303370784,67.8871722846442,206.52762172284645,15.006554307116104,43.3441011235955,676.6395131086142,2.0,9.0,11.0,0.0,1.8666666666666667
SAS,11,WE,-1,4.0,2190.0,626.0,739.0,1049.0,598.0,596.0,257.0,509.0,116.0,2615.0,2279.0,620.0,499.0,1188.0,529.0,643.0,268.0,502.0,120.0,2661.0,15.0,19.0,34.0,10.0,7.0,5.0,12.0,10.0,10.0,6950.0,1.0,2.0,71.36363636363636,170.36363636363637,29.545454545454547,13.5,32.5,365.8060606060606,166.32231404958677,78.0038567493113,34.626446280991736,25.50413223140496,133.45234159779613,98.53223140495867,75.3168044077135,80.32121212121211,81.91074380165288,309.4517906336088,23.584573002754823,68.55812672176309,874.0121212121212,0.0,0.0,0.0,0.0,0.7619047619047619
SEA,1,WE,N,0.0,0.0,0.0,0.0,0.0,0.0,0.0,0.0,0.0,0.0,0.0,0.0,0.0,0.0,0.0,0.0,0.0,0.0,0.0,0.0,0.0,0.0,0.0,0.0,0.0,0.0,0.0,0.0,0.0,0.0,0.0,0.0,0.0,71.66666666666667,169.66666666666666,27.166666666666668,2.3333333333333335,4.666666666666667,222.02685185185183,96.08981481481482,53.6925925925926,30.365740740740744,7.971296296296296,75.68611111111112,65.67407407407408,50.68518518518518,47.8537037037037,62.7074074074074,192.2314814814815,19.969444444444445,58.3287037037037,694.4101851851851,14.0,6.0,20.0,0.0,0.0
SEA,2,WE,N,8.0,1740.0,561.0,364.0,793.0,390.0,648.0,255.0,525.0,93.0,1822.0,1721.0,654.0,334.0,1009.0,506.0,618.0,284.0,529.0,123.0,2171.0,6.0,26.0,32.0,4.0,12.0,2.0,14.0,4.0,17.0,6475.0,1.0,1.0,72.58333333333333,175.16666666666666,27.666666666666668,8.0,10.333333333333334,268.4104046242774,117.96531791907513,52.34971098265896,36.01782273603083,13.248073217726395,96.20327552986514,80.13102119460501,59.48458574181117,52.328998073217726,65.26589595375722,232.02601156069363,16.51926782273603,53.83718689788054,720.1305394990367,5.0,7.0,12.0,0.0,0.23076923076923078
SEA,3,WE,Y,8.0,1821.0,606.0,412.0,891.0,412.0,605.0,273.0,431.0,127.0,1921.0,1750.0,559.0,325.0,1052.0,492.0,588.0,228.0,519.0,127.0,2048.0,10.0,22.0,32.0,5.0,11.0,5.0,11.0,6.0,15.0,6550.0,1.1,1.1,72.0,173.2,27.0,7.25,9.0,233.43790186125213,105.93739424703891,52.27140439932318,31.799661590524533,14.296446700507614,83.30998307952623,66.78849407783417,50.354653130287645,54.90219966159052,65.54010152284265,200.20439932318104,16.463282571912014,52.38206429780033,629.2111675126904,9.0,8.0,17.0,0.0,0.45454545454545453
SEA,4,WE,N,4.0,1948.0,543.0,506.0,995.0,514.0,623.0,282.0,477.0,151.0,2188.0,1818.0,587.0,342.0,969.0,488.0,563.0,254.0,531.0,125.0,2103.0,17.0,15.0,32.0,10.0,6.0,7.0,9.0,10.0,11.0,6450.0,1.1,2.0,71.85714285714286,173.71428571428572,28.071428571428573,7.6,12.2,226.12380952380954,114.0064935064935,46.29177489177489,29.84155844155844,14.220779220779221,78.85367965367966,71.19350649350649,53.926406926406926,48.719047619047615,71.85974025974026,191.7813852813853,14.49004329004329,42.09134199134199,645.8047619047619,7.0,8.0,15.0,0.0,1.125
SEA,5,WE,Y,5.0,2045.0,567.0,500.0,1074.0,548.0,644.0,232.0,465.0,138.0,2388.0,2039.0,591.0,437.0,1041.0,456.0,570.0,245.0,459.0,104.0,2274.0,18.0,16.0,34.0,13.0,4.0,5.0,12.0,11.0,13.0,6850.0,1.4,1.3,72.23076923076923,179.3846153846154,27.23076923076923,0.0,0.0,0.0,0.0,0.0,0.0,0.0,0.0,0.0,0.0,0.0,0.0,0.0,0.0,0.0,0.0,6.0,6.0,12.0,0.0,1.125
SEA,6,WE,Y,2.0,2025.0,676.0,439.0,1059.0,552.0,665.0,302.0,499.0,131.0,2437.0,1989.0,592.0,391.0,982.0,507.0,678.0,252.0,527.0,137.0,2264.0,20.0,14.0,34.0,13.0,4.0,7.0,10.0,13.0,9.0,6825.0,6.0,2.0,72.35714285714286,165.57142857142858,26.2,0.0,0.0,215.34011976047904,97.6622754491018,46.29021956087824,20.756487025948104,12.702195608782434,77.74610778443115,71.63353293413174,53.72135728542914,45.55049900199601,55.362475049900205,186.75968063872253,6.126546906187625,22.13373253493014,577.5672654690619,7.0,6.0,13.0,0.0,1.625
SEA,7,WE,Y,2.0,2066.0,688.0,429.0,1099.0,520.0,657.0,201.0,516.0,158.0,2498.0,2163.0,646.0,419.0,1020.0,568.0,691.0,267.0,438.0,154.0,2407.0,20.0,14.0,34.0,14.0,3.0,6.0,11.0,13.0,9.0,6825.0,1.0,2.0,72.0,162.9,27.0,0.0,0.0,164.5661111111111,59.80388888888889,47.715555555555554,16.269444444444446,5.132777777777777,57.56166666666667,45.30444444444444,36.511111111111106,41.11222222222222,47.52444444444445,138.73888888888888,12.931666666666667,38.44722222222222,558.1961111111111,8.0,6.0,14.0,0.0,1.3125
SEA,8,WE,Y,4.0,2124.0,712.0,475.0,1148.0,514.0,682.0,232.0,570.0,127.0,2644.0,2218.0,707.0,484.0,1031.0,520.0,683.0,297.0,485.0,115.0,2575.0,18.0,16.0,34.0,9.0,8.0,9.0,8.0,10.0,10.0,6800.0,1.0,2.0,71.86666666666666,164.6,25.8,0.0,0.0,161.10168970814132,76.5357910906298,39.91612903225806,21.5926267281106,10.603686635944701,58.432872503840244,46.76712749615976,33.13149001536098,36.763133640552994,50.86728110599078,151.67127496159756,11.104454685099848,36.56436251920123,542.8764976958525,6.0,7.0,13.0,0.0,1.0555555555555556
SEA,9,WE,Y,4.0,2210.0,715.0,639.0,1164.0,533.0,620.0,242.0,533.0,151.0,2734.0,2321.0,586.0,528.0,1094.0,591.0,642.0,272.0,495.0,112.0,2647.0,17.0,17.0,34.0,12.0,5.0,5.0,12.0,11.0,11.0,6825.0,1.5,2.0,72.07142857142857,166.64285714285714,27.5,0.0,0.0,203.54642857142858,85.78531746031747,44.55912698412698,24.3468253968254,12.86031746031746,74.88452380952381,48.96468253968254,38.39523809523809,40.7952380952381,51.873015873015866,181.984126984127,15.382142857142856,45.69722222222223,595.495634920635,8.0,7.0,15.0,0.0,0.46153846153846156
SEA,10,WE,Y,2.0,2112.0,728.0,453.0,1162.0,530.0,684.0,269.0,526.0,140.0,2493.0,2164.0,680.0,539.0,1092.0,498.0,674.0,263.0,515.0,115.0,2406.0,22.0,12.0,34.0,16.0,1.0,6.0,11.0,13.0,7.0,6800.0,1.0,2.0,72.41666666666667,167.83333333333334,27.416666666666668,2.5,4.25,257.7000998003992,114.55189620758483,53.047405189620754,22.241516966067863,13.89071856287425,95.03842315369262,66.77794411177645,51.156686626746506,46.569860279441116,61.829840319361274,222.60528942115766,16.466566866267467,50.72255489021956,641.3338323353294,4.0,13.0,17.0,0.0,1.6428571428571428
SEA,11,WE,-1,2.0,2116.0,707.0,486.0,1104.0,536.0,710.0,276.0,555.0,150.0,2544.0,2150.0,671.0,585.0,1078.0,517.0,672.0,275.0,555.0,131.0,2476.0,20.0,14.0,34.0,13.0,4.0,7.0,10.0,13.0,7.0,7025.0,1.0,2.0,72.61538461538461,172.15384615384616,26.76923076923077,2.5,2.5,232.5948717948718,94.77622377622377,44.62191142191141,29.906293706293702,7.545454545454546,82.07319347319347,64.593006993007,49.76689976689977,46.85128205128205,61.0027972027972,193.6107226107226,18.681585081585084,47.02144522144522,597.4051282051282,0.0,0.0,0.0,0.0,1.3125
TUL,11,WE,-1,3.3,2067.6,641.3,529.5,1049.9,504.0,616.6,255.6,491.8,123.8,2447.2,2071.7,646.8,497.0,1070.8,501.0,615.8,256.3,493.7,118.7,2441.2,15.9,15.2,31.2,10.3,5.2,5.6,10.0,10.0,9.3,6343.8,1.5,1.6,71.16666666666667,162.25,27.75,0.0,0.0,0.0,0.0,0.0,0.0,0.0,0.0,0.0,0.0,0.0,0.0,0.0,0.0,0.0,0.0,0.0,0.0,0.0,0.0,0.0
TUL,11,WE,-1,3.3,2067.6,641.3,529.5,1049.9,504.0,616.6,255.6,491.8,123.8,2447.2,2071.7,646.8,497.0,1070.8,501.0,615.8,256.3,493.7,118.7,2441.2,15.9,15.2,31.2,10.3,5.2,5.6,10.0,10.0,9.3,6343.8,1.5,1.6,71.16666666666667,162.25,27.75,0.0,0.0,0.0,0.0,0.0,0.0,0.0,0.0,0.0,0.0,0.0,0.0,0.0,0.0,0.0,0.0,0.0,0.0,0.0,0.0,0.0
UTA,1,WE,N,0.0,0.0,0.0,0.0,0.0,0.0,0.0,0.0,0.0,0.0,0.0,0.0,0.0,0.0,0.0,0.0,0.0,0.0,0.0,0.0,0.0,0.0,0.0,0.0,0.0,0.0,0.0,0.0,0.0,0.0,0.0,0.0,0.0,73.15384615384616,168.76923076923077,25.692307692307693,6.333333333333333,8.666666666666666,238.56611927398444,97.03370786516854,49.80293863439931,23.55315471045808,14.36819360414866,86.78651685393258,60.09248055315471,46.31633535004322,43.921780466724286,55.80077787381158,198.63223854796888,18.67675021607606,47.83707865168539,631.4710458081245,14.0,6.0,20.0,0.0,0.0
UTA,2,WE,Y,5.0,1896.0,790.0,262.0,1080.0,522.0,698.0,214.0,544.0,157.0,2413.0,1964.0,721.0,448.0,911.0,503.0,702.0,301.0,437.0,112.0,2407.0,18.0,14.0,32.0,12.0,4.0,6.0,10.0,13.0,8.0,6400.0,1.0,1.0,72.85714285714286,170.85714285714286,26.142857142857142,6.25,8.0,220.16587301587302,105.79126984126984,43.30793650793651,17.74206349206349,13.475396825396826,80.01666666666667,59.649206349206345,46.73015873015873,43.51746031746031,61.96349206349206,181.12698412698413,13.402380952380952,39.42460317460318,630.3515873015873,4.0,5.0,9.0,0.0,1.4537209923945529
UTA,2,WE,Y,5.0,1896.0,790.0,262.0,1080.0,522.0,698.0,214.0,544.0,157.0,2413.0,1964.0,721.0,448.0,911.0,503.0,702.0,301.0,437.0,112.0,2407.0,18.0,14.0,32.0,12.0,4.0,6.0,10.0,13.0,8.0,6400.0,1.0,1.0,72.85714285714286,170.85714285714286,26.142857142857142,6.25,8.0,220.16587301587302,105.79126984126984,43.30793650793651,17.74206349206349,13.475396825396826,80.01666666666667,59.649206349206345,46.73015873015873,43.51746031746031,61.96349206349206,181.12698412698413,13.402380952380952,39.42460317460318,630.3515873015873,4.0,5.0,9.0,0.0,1.2857142857142858
UTA,3,WE,Y,3.0,1849.0,675.0,244.0,1070.0,524.0,622.0,202.0,493.0,156.0,2207.0,1976.0,660.0,429.0,974.0,478.0,645.0,275.0,390.0,148.0,2192.0,19.0,13.0,32.0,9.0,7.0,10.0,6.0,11.0,10.0,6475.0,1.1,2.0,72.92857142857143,171.07142857142858,26.642857142857142,8.75,13.0,204.28034682080923,85.9702725020644,42.94260941370768,17.372419488026424,10.42691990090834,73.7456647398844,55.25516102394715,42.77250206440958,41.210569777043766,49.585053674649046,170.2365813377374,14.016515276630884,41.93187448389761,514.2547481420314,6.0,13.0,19.0,0.0,2.0
WAS,1,EA,Y,0.0,0.0,0.0,0.0,0.0,0.0,0.0,0.0,0.0,0.0,0.0,0.0,0.0,0.0,0.0,0.0,0.0,0.0,0.0,0.0,0.0,0.0,0.0,0.0,0.0,0.0,0.0,0.0,0.0,0.0,0.0,0.0,0.0,73.28571428571429,170.07142857142858,27.5,16.2,26.4,227.55039883973896,105.22733865119652,45.94379985496737,21.85605511240029,13.810007251631617,83.13923132704859,62.67730239303843,47.78281363306744,45.757070340826694,55.8788977519942,186.2284263959391,13.48912255257433,38.15663524292966,600.9644670050762,13.0,6.0,19.0,0.0,0.0
WAS,1,EA,Y,0.0,0.0,0.0,0.0,0.0,0.0,0.0,0.0,0.0,0.0,0.0,0.0,0.0,0.0,0.0,0.0,0.0,0.0,0.0,0.0,0.0,0.0,0.0,0.0,0.0,0.0,0.0,0.0,0.0,0.0,0.0,0.0,0.0,73.28571428571429,170.07142857142858,27.5,16.2,26.4,227.55039883973896,105.22733865119652,45.94379985496737,21.85605511240029,13.810007251631617,83.13923132704859,62.67730239303843,47.78281363306744,45.757070340826694,55.8788977519942,186.2284263959391,13.48912255257433,38.15663524292966,600.9644670050762,13.0,6.0,19.0,0.0,0.0
WAS,2,EA,N,4.0,1813.0,578.0,335.0,946.0,521.0,597.0,245.0,506.0,126.0,2176.0,1875.0,555.0,397.0,911.0,513.0,595.0,261.0,456.0,102.0,2221.0,14.0,18.0,32.0,7.0,9.0,7.0,9.0,13.0,8.0,6400.0,1.0,2.0,72.46153846153847,176.0,27.23076923076923,12.333333333333334,15.666666666666666,240.91282051282053,102.73426573426573,58.69557109557109,24.530069930069928,14.888111888111887,86.84428904428904,68.52727272727273,52.72960372960373,51.194871794871794,67.77062937062936,206.22843822843822,14.494638694638695,45.24149184149184,668.4717948717948,7.0,5.0,12.0,0.0,1.4537209923945529
WAS,3,EA,Y,8.0,1915.0,504.0,418.0,1055.0,424.0,537.0,257.0,495.0,127.0,1928.0,1945.0,467.0,408.0,1068.0,487.0,543.0,261.0,454.0,103.0,2075.0,10.0,22.0,32.0,8.0,8.0,2.0,14.0,4.0,17.0,6500.0,1.1,1.1,72.0,167.57142857142858,26.928571428571427,0.0,0.0,209.70017108639863,99.303250641574,52.15269461077844,25.842600513259192,12.241231822070146,75.92301112061591,56.33361847733105,43.12574850299401,46.4054747647562,67.85115483319076,182.10906757912744,14.7284003421728,43.02437981180496,671.857998289136,5.0,6.0,11.0,1.0,1.3600140924702329
WAS,4,EA,N,3.0,1910.0,478.0,443.0,1038.0,516.0,583.0,221.0,455.0,94.0,2135.0,1903.0,538.0,446.0,989.0,442.0,570.0,237.0,441.0,101.0,2116.0,17.0,15.0,32.0,9.0,7.0,8.0,8.0,12.0,9.0,6450.0,3.0,2.0,71.64285714285714,169.14285714285714,25.785714285714285,0.0,0.0,278.03333333333336,116.72727272727273,61.79783549783549,24.325974025974027,11.227272727272728,99.77878787878788,74.17272727272727,57.06709956709957,50.36666666666667,66.21948051948051,238.34848484848484,21.408658008658012,64.11125541125541,687.6095238095238,6.0,7.0,13.0,0.0,1.1764705882352942
WAS,5,EA,Y,7.0,2191.0,507.0,505.0,1085.0,568.0,676.0,213.0,462.0,99.0,2330.0,2033.0,691.0,482.0,1115.0,591.0,565.0,251.0,468.0,119.0,2498.0,9.0,25.0,34.0,3.0,14.0,6.0,11.0,7.0,17.0,6875.0,1.4,1.3,71.53846153846153,162.30769230769232,26.076923076923077,0.0,0.0,0.0,0.0,0.0,0.0,0.0,0.0,0.0,0.0,0.0,0.0,0.0,0.0,0.0,0.0,5.0,5.0,10.0,0.0,1.1275522713762844
WAS,6,EA,N,4.0,2088.0,661.0,283.0,1063.0,467.0,652.0,255.0,424.0,128.0,2325.0,2013.0,686.0,425.0,1106.0,534.0,627.0,237.0,492.0,111.0,2384.0,17.0,17.0,34.0,11.0,6.0,6.0,11.0,9.0,11.0,6850.0,1.0,2.0,71.91666666666667,160.33333333333334,27.25,0.0,0.0,188.46794871794873,93.07051282051282,42.041666666666664,25.39423076923077,7.7131410256410255,68.73076923076924,62.519230769230774,43.43429487179487,43.645833333333336,60.8076923076923,171.31089743589746,7.572115384615384,26.565705128205128,619.3301282051283,6.0,7.0,13.0,0.0,0.7777777777777778
WAS,7,EA,Y,5.0,1968.0,546.0,510.0,943.0,517.0,697.0,260.0,435.0,76.0,2263.0,1872.0,648.0,433.0,1024.0,545.0,638.0,205.0,504.0,108.0,2305.0,16.0,18.0,34.0,10.0,7.0,6.0,11.0,9.0,11.0,6900.0,1.2,1.2,72.2,163.93333333333334,26.933333333333334,4.666666666666667,4.666666666666667,170.64669738863284,79.75883256528418,38.688172043010745,23.8568356374808,8.804915514592933,64.33271889400922,42.13394777265746,30.997542242703535,36.750844854070664,51.15637480798771,158.47281105990785,10.983717357910907,33.26359447004608,552.9686635944701,6.0,3.0,9.0,0.0,0.8888888888888888
WAS,8,EA,N,4.0,2199.0,715.0,522.0,1100.0,576.0,784.0,306.0,541.0,113.0,2747.0,2102.0,851.0,553.0,1041.0,583.0,687.0,252.0,573.0,89.0,2657.0,18.0,16.0,34.0,13.0,4.0,5.0,12.0,12.0,8.0,6850.0,1.5,2.0,71.72727272727273,169.54545454545453,28.636363636363637,1.75,1.75,226.4227272727273,100.27222222222223,54.52979797979798,31.714141414141412,10.367676767676768,81.39848484848484,62.40959595959596,47.41212121212121,43.557575757575755,63.2020202020202,194.43434343434345,16.213636363636365,50.341919191919196,682.2671717171717,6.0,8.0,14.0,0.0,1.0
WAS,8,EA,N,4.0,2199.0,715.0,522.0,1100.0,576.0,784.0,306.0,541.0,113.0,2747.0,2102.0,851.0,553.0,1041.0,583.0,687.0,252.0,573.0,89.0,2657.0,18.0,16.0,34.0,13.0,4.0,5.0,12.0,12.0,8.0,6850.0,1.5,2.0,71.72727272727273,169.54545454545453,28.636363636363637,1.75,1.75,226.4227272727273,100.27222222222223,54.52979797979798,31.714141414141412,10.367676767676768,81.39848484848484,62.40959595959596,47.41212121212121,43.557575757575755,63.2020202020202,194.43434343434345,16.213636363636365,50.341919191919196,682.2671717171717,6.0,8.0,14.0,0.0,1.1367835328367561
WAS,9,EA,N,5.0,2170.0,839.0,528.0,1118.0,472.0,763.0,282.0,571.0,133.0,2585.0,2216.0,801.0,520.0,1208.0,549.0,762.0,256.0,579.0,103.0,2639.0,16.0,18.0,34.0,8.0,9.0,8.0,9.0,8.0,12.0,6900.0,1.5,1.5,71.0909090909091,166.63636363636363,26.363636363636363,1.75,1.75,261.6820903647251,115.77789874795863,50.538377789874794,25.93140990745781,13.383777898747958,97.42297223734349,65.16712030484486,49.790963527490476,44.00870985302123,68.30865541643985,229.69624387588462,17.04518236254763,50.4251497005988,698.2286336418073,9.0,10.0,19.0,0.0,1.026700788277524
WAS,9,EA,N,5.0,2170.0,839.0,528.0,1118.0,472.0,763.0,282.0,571.0,133.0,2585.0,2216.0,801.0,520.0,1208.0,549.0,762.0,256.0,579.0,103.0,2639.0,16.0,18.0,34.0,8.0,9.0,8.0,9.0,8.0,12.0,6900.0,1.5,1.5,71.0909090909091,166.63636363636363,26.363636363636363,1.75,1.75,261.6820903647251,115.77789874795863,50.538377789874794,25.93140990745781,13.383777898747958,97.42297223734349,65.16712030484486,49.790963527490476,44.00870985302123,68.30865541643985,229.69624387588462,17.04518236254763,50.4251497005988,698.2286336418073,9.0,10.0,19.0,0.0,1.1428571428571428
WAS,10,EA,Y,6.0,2131.0,659.0,460.0,1132.0,483.0,757.0,241.0,637.0,93.0,2368.0,2096.0,760.0,528.0,1093.0,542.0,708.0,314.0,530.0,146.0,2601.0,10.0,24.0,34.0,6.0,11.0,4.0,13.0,6.0,14.0,6825.0,1.6,1.6,71.16666666666667,162.25,27.75,0.0,0.0,0.0,0.0,0.0,0.0,0.0,0.0,0.0,0.0,0.0,0.0,0.0,0.0,0.0,0.0,6.0,12.0,18.0,0.0,1.0569133767276182
WAS,11,EA,-1,4.0,2205.0,827.0,426.0,1191.0,453.0,725.0,314.0,607.0,118.0,2585.0,2184.0,755.0,478.0,1111.0,524.0,778.0,315.0,576.0,156.0,2622.0,16.0,18.0,34.0,11.0,6.0,5.0,12.0,10.0,12.0,6875.0,1.5,2.0,71.76923076923077,162.92307692307693,27.46153846153846,0.0,0.0,241.4467455621302,98.18639053254438,54.75,29.181952662721894,16.867603550295858,90.06804733727812,67.62426035502959,48.50813609467456,46.52884615384615,56.603550295857985,203.64349112426038,12.802514792899409,41.376479289940825,638.3062130177515,0.0,0.0,0.0,0.0,0.14285714285714285
