tmID,year,confID,playoff,last_year_rank,last_year_o_fga,last_year_o_fta,last_year_o_3pa,last_year_o_reb,last_year_o_asts,last_year_o_pf,last_year_o_stl,last_year_o_to,last_year_o_blk,last_year_o_pts,last_year_d_fga,last_year_d_fta,last_year_d_3pa,last_year_d_reb,last_year_d_asts,last_year_d_pf,last_year_d_stl,last_year_d_to,last_year_d_blk,last_year_d_pts,last_year_won,last_year_lost,last_year_GP,last_year_homeW,last_year_homeL,last_year_awayW,last_year_awayL,last_year_confW,last_year_confL,last_year_min,last_year_post_W,last_year_post_L,avg_player_height,avg_player_weight,avg_player_age,avg_player_last_3_years_sum_awards,avg_player_all_time_sum_awards,players_changed_team
ATL,9,EA,N,3.5,2079.8,640.9,502.7,1077.6,520.7,619.8,253.4,524.2,115.4,2418.4,2079.8,640.9,502.7,1077.6,520.7,619.8,253.4,524.2,115.4,2418.4,15.8,15.8,31.6,8.6,7.2,7.2,8.6,9.8,9.8,6389.1,1.5,1.5,72.25,173.33333333333334,24.833333333333332,3.5,3.5,7
ATL,10,EA,Y,7.0,2258.0,725.0,598.0,1077.0,492.0,796.0,285.0,593.0,142.0,2534.0,2254.0,918.0,502.0,1265.0,684.0,726.0,310.0,561.0,134.0,2879.0,4.0,30.0,34.0,1.0,16.0,3.0,14.0,2.0,18.0,6825.0,1.6,1.6,72.0,173.58333333333334,25.25,3.5,3.5,3
ATL,11,EA,-1,2.0,2428.0,755.0,374.0,1259.0,547.0,741.0,329.0,590.0,121.0,2861.0,2363.0,807.0,530.0,1174.0,615.0,700.0,347.0,601.0,133.0,2797.0,18.0,16.0,34.0,12.0,5.0,6.0,11.0,10.0,12.0,6950.0,1.5,2.0,71.76923076923077,162.92307692307693,27.46153846153846,0.0,0.0,5
CHA,1,EA,N,0.0,0.0,0.0,0.0,0.0,0.0,0.0,0.0,0.0,0.0,0.0,0.0,0.0,0.0,0.0,0.0,0.0,0.0,0.0,0.0,0.0,0.0,0.0,0.0,0.0,0.0,0.0,0.0,0.0,0.0,0.0,0.0,0.0,72.7,170.6,25.636363636363637,0.0,0.0,4
CHA,2,EA,Y,8.0,1903.0,577.0,386.0,935.0,551.0,713.0,222.0,496.0,90.0,2186.0,1930.0,716.0,423.0,990.0,596.0,596.0,259.0,426.0,123.0,2429.0,8.0,24.0,32.0,5.0,11.0,3.0,13.0,5.0,16.0,6475.0,1.0,1.0,73.18181818181819,177.0,25.25,0.0,0.0,8
CHA,3,EA,Y,4.0,1780.0,528.0,428.0,948.0,467.0,605.0,217.0,474.0,114.0,2055.0,1846.0,562.0,369.0,911.0,443.0,579.0,257.0,447.0,124.0,2009.0,18.0,14.0,32.0,11.0,5.0,7.0,9.0,15.0,6.0,6500.0,4.0,4.0,71.33333333333333,166.66666666666666,25.133333333333333,0.0,0.0,8
CHA,4,EA,Y,2.0,1790.0,663.0,527.0,955.0,496.0,647.0,241.0,408.0,105.0,2241.0,1807.0,598.0,372.0,915.0,489.0,600.0,208.0,424.0,103.0,2133.0,18.0,14.0,32.0,11.0,5.0,7.0,9.0,12.0,9.0,6450.0,1.1,2.0,72.0,170.0909090909091,24.454545454545453,0.0,0.0,4
CHA,5,EA,N,2.0,1881.0,590.0,517.0,971.0,499.0,697.0,279.0,497.0,115.0,2217.0,1902.0,667.0,407.0,1007.0,491.0,606.0,264.0,469.0,104.0,2195.0,18.0,16.0,34.0,13.0,4.0,5.0,12.0,12.0,12.0,6850.0,1.4,2.0,71.41666666666667,162.5,24.083333333333332,7.0,7.0,6
CHA,6,EA,N,5.0,1744.0,590.0,459.0,872.0,426.0,648.0,210.0,479.0,134.0,2092.0,1932.0,587.0,349.0,996.0,516.0,595.0,243.0,437.0,114.0,2168.0,16.0,18.0,34.0,10.0,7.0,6.0,11.0,8.0,12.0,6900.0,1.5,1.5,71.15384615384616,168.0,24.692307692307693,,,9
CHA,7,EA,N,6.0,1913.0,624.0,301.0,925.0,493.0,727.0,284.0,535.0,113.0,2095.0,1888.0,713.0,339.0,1055.0,496.0,654.0,269.0,534.0,146.0,2335.0,6.0,28.0,34.0,5.0,12.0,1.0,16.0,4.0,16.0,6945.0,1.2,1.2,72.7,170.6,25.636363636363637,0.0,0.0,4
CHI,7,EA,N,3.5,1826.5,603.9,374.7,951.3,473.3,622.9,234.4,460.9,113.1,2124.3,1826.5,603.9,374.7,951.3,473.3,622.9,234.4,460.9,113.1,2124.3,15.8,15.8,31.6,10.2,5.6,5.6,10.2,9.8,9.8,6369.3,1.2,1.2,71.5,166.58333333333334,26.692307692307693,,,6
CHI,8,EA,N,7.0,2175.0,643.0,536.0,1037.0,509.0,674.0,277.0,527.0,125.0,2322.0,2147.0,736.0,536.0,1239.0,623.0,584.0,262.0,535.0,120.0,2687.0,5.0,29.0,34.0,3.0,14.0,2.0,15.0,4.0,16.0,6800.0,1.5,1.5,71.28571428571429,168.92857142857142,27.642857142857142,5.0,10.5,7
CHI,9,EA,N,6.0,2277.0,723.0,544.0,1165.0,597.0,634.0,262.0,510.0,112.0,2525.0,2243.0,642.0,481.0,1225.0,584.0,683.0,242.0,566.0,138.0,2611.0,14.0,20.0,34.0,6.0,11.0,8.0,9.0,6.0,14.0,6972.0,1.5,1.5,72.16666666666667,172.91666666666666,26.0,0.0,0.0,6
CHI,10,EA,N,5.0,2100.0,812.0,341.0,1127.0,548.0,639.0,269.0,525.0,149.0,2472.0,2203.0,655.0,508.0,1160.0,531.0,681.0,255.0,522.0,124.0,2510.0,12.0,22.0,34.0,8.0,9.0,4.0,13.0,10.0,10.0,6875.0,1.6,1.6,72.46153846153847,169.46153846153845,25.846153846153847,0.0,0.0,13
CHI,11,EA,-1,5.0,2136.0,693.0,471.0,1083.0,532.0,605.0,249.0,532.0,138.0,2573.0,2269.0,613.0,593.0,1156.0,610.0,636.0,273.0,489.0,121.0,2693.0,16.0,18.0,34.0,12.0,5.0,4.0,13.0,10.0,12.0,6825.0,1.5,1.6,71.83333333333333,169.66666666666666,27.25,2.5,5.5,6
CLE,1,EA,Y,0.0,0.0,0.0,0.0,0.0,0.0,0.0,0.0,0.0,0.0,0.0,0.0,0.0,0.0,0.0,0.0,0.0,0.0,0.0,0.0,0.0,0.0,0.0,0.0,0.0,0.0,0.0,0.0,0.0,0.0,0.0,0.0,0.0,72.28571428571429,166.35714285714286,27.071428571428573,0.0,0.0,7
CLE,2,EA,Y,2.0,1828.0,570.0,407.0,934.0,539.0,647.0,259.0,538.0,91.0,2185.0,1761.0,583.0,368.0,873.0,540.0,693.0,305.0,552.0,95.0,2122.0,17.0,15.0,32.0,13.0,3.0,4.0,12.0,13.0,8.0,6500.0,3.0,3.0,72.16666666666667,174.58333333333334,26.25,0.0,0.0,4
CLE,3,EA,N,1.0,1770.0,505.0,335.0,959.0,503.0,532.0,267.0,444.0,83.0,2004.0,1745.0,444.0,417.0,891.0,434.0,597.0,225.0,496.0,127.0,1788.0,22.0,10.0,32.0,14.0,2.0,8.0,8.0,15.0,6.0,6425.0,1.0,2.0,72.53846153846153,165.46153846153845,26.0,2.5,2.5,4
CLE,4,EA,Y,7.0,1820.0,553.0,374.0,969.0,480.0,567.0,221.0,451.0,83.0,2071.0,1834.0,521.0,441.0,918.0,530.0,613.0,242.0,428.0,109.0,2140.0,10.0,22.0,32.0,4.0,12.0,6.0,10.0,7.0,14.0,6550.0,1.1,1.0,71.6,169.13333333333333,27.266666666666666,1.5,1.5,8
CON,4,EA,Y,3.8,1595.8,502.4,373.4,844.6,418.1,519.4,210.9,406.1,96.9,1837.1,1602.6,500.0,370.4,827.8,414.6,521.9,213.1,398.9,97.4,1837.0,13.5,13.9,27.4,8.1,5.6,5.4,8.4,8.9,9.1,5541.1,1.1,1.0,72.07142857142857,166.64285714285714,27.5,0.0,0.0,7
CON,5,EA,Y,3.0,2102.0,646.0,549.0,1095.0,520.0,663.0,270.0,434.0,111.0,2384.0,2104.0,673.0,536.0,1178.0,553.0,669.0,252.0,476.0,88.0,2409.0,18.0,16.0,34.0,10.0,7.0,8.0,9.0,11.0,13.0,6875.0,2.0,2.0,71.0,158.3846153846154,26.846153846153847,3.0,3.0,6
CON,6,EA,Y,1.0,2051.0,590.0,467.0,1045.0,572.0,610.0,299.0,462.0,96.0,2335.0,1996.0,599.0,384.0,1063.0,565.0,627.0,239.0,492.0,113.0,2304.0,18.0,16.0,34.0,10.0,7.0,8.0,9.0,14.0,6.0,6900.0,5.0,3.0,72.64285714285714,165.85714285714286,29.857142857142858,0.0,0.0,5
CON,7,EA,Y,1.0,2025.0,688.0,373.0,1110.0,573.0,624.0,236.0,452.0,130.0,2474.0,2100.0,599.0,400.0,1078.0,495.0,675.0,258.0,442.0,79.0,2244.0,26.0,8.0,34.0,14.0,3.0,12.0,5.0,13.0,7.0,6800.0,5.0,3.0,71.53846153846153,171.23076923076923,25.642857142857142,0.0,0.0,4
CON,8,EA,Y,1.0,2216.0,675.0,510.0,1268.0,630.0,530.0,252.0,514.0,153.0,2683.0,2357.0,500.0,508.0,1153.0,528.0,646.0,273.0,486.0,103.0,2417.0,26.0,8.0,34.0,14.0,3.0,12.0,5.0,15.0,5.0,6825.0,3.0,2.0,72.21428571428571,160.5,25.214285714285715,,,9
CON,9,EA,Y,3.0,2327.0,615.0,572.0,1222.0,619.0,641.0,272.0,540.0,156.0,2675.0,2317.0,626.0,485.0,1179.0,581.0,633.0,246.0,524.0,85.0,2593.0,18.0,16.0,34.0,8.0,9.0,10.0,7.0,10.0,10.0,6925.0,1.0,2.0,72.63636363636364,164.36363636363637,28.636363636363637,0.0,0.0,3
CON,10,EA,N,2.0,2286.0,723.0,669.0,1239.0,607.0,629.0,211.0,487.0,97.0,2690.0,2284.0,638.0,496.0,1200.0,554.0,703.0,252.0,499.0,104.0,2541.0,21.0,13.0,34.0,13.0,4.0,8.0,9.0,13.0,7.0,6850.0,1.0,2.0,72.5,165.58333333333334,28.5,0.0,0.0,2
CON,11,EA,-1,6.0,2381.0,692.0,639.0,1184.0,608.0,677.0,250.0,453.0,130.0,2651.0,2236.0,746.0,488.0,1274.0,525.0,684.0,248.0,549.0,125.0,2654.0,16.0,18.0,34.0,12.0,5.0,4.0,13.0,10.0,12.0,6975.0,1.5,1.6,72.6,173.26666666666668,27.266666666666666,0.0,5.5,6
DET,1,EA,N,0.0,0.0,0.0,0.0,0.0,0.0,0.0,0.0,0.0,0.0,0.0,0.0,0.0,0.0,0.0,0.0,0.0,0.0,0.0,0.0,0.0,0.0,0.0,0.0,0.0,0.0,0.0,0.0,0.0,0.0,0.0,0.0,0.0,71.91666666666667,164.41666666666666,27.416666666666668,3.0,3.0,8
DET,2,EA,N,5.0,1980.0,699.0,273.0,985.0,503.0,701.0,260.0,530.0,88.0,2331.0,1967.0,652.0,372.0,971.0,513.0,672.0,284.0,543.0,148.0,2426.0,14.0,18.0,32.0,8.0,8.0,6.0,10.0,10.0,11.0,6425.0,1.0,1.0,72.0,162.9,27.0,0.0,0.0,3
DET,3,EA,N,7.0,1914.0,542.0,405.0,945.0,469.0,602.0,225.0,498.0,82.0,2103.0,1837.0,583.0,340.0,981.0,438.0,591.0,262.0,483.0,109.0,2269.0,10.0,22.0,32.0,6.0,10.0,4.0,12.0,7.0,14.0,6550.0,1.1,1.1,72.0,169.3,27.3,0.0,4.5,5
DET,4,EA,Y,8.0,1919.0,651.0,364.0,1079.0,478.0,609.0,201.0,541.0,132.0,2114.0,1984.0,605.0,447.0,983.0,465.0,637.0,277.0,443.0,139.0,2266.0,9.0,23.0,32.0,7.0,9.0,2.0,14.0,6.0,15.0,6450.0,1.1,1.0,71.15384615384616,168.0,24.692307692307693,,,9
DET,5,EA,Y,1.0,2004.0,882.0,323.0,1230.0,545.0,605.0,263.0,608.0,158.0,2553.0,2286.0,556.0,541.0,1064.0,504.0,774.0,309.0,497.0,129.0,2395.0,25.0,9.0,34.0,13.0,4.0,12.0,5.0,18.0,6.0,6900.0,6.0,2.0,72.46153846153847,169.46153846153845,25.846153846153847,0.0,0.0,13
DET,6,EA,Y,3.0,2097.0,792.0,209.0,1170.0,564.0,648.0,277.0,513.0,148.0,2366.0,2098.0,609.0,533.0,1055.0,515.0,728.0,289.0,496.0,131.0,2381.0,17.0,17.0,34.0,8.0,9.0,9.0,8.0,11.0,9.0,6850.0,1.0,2.0,71.5,164.41666666666666,26.75,0.0,0.0,7
DET,7,EA,Y,4.0,2060.0,774.0,238.0,1215.0,474.0,761.0,241.0,571.0,155.0,2247.0,1945.0,754.0,456.0,1018.0,473.0,744.0,272.0,520.0,136.0,2287.0,16.0,18.0,34.0,12.0,5.0,4.0,13.0,11.0,9.0,6925.0,1.2,2.0,71.3076923076923,164.92307692307693,27.76923076923077,0.0,0.0,4
DET,8,EA,Y,2.0,2220.0,746.0,414.0,1286.0,572.0,711.0,213.0,537.0,137.0,2527.0,2165.0,702.0,561.0,1084.0,474.0,733.0,275.0,506.0,108.0,2384.0,23.0,11.0,34.0,14.0,3.0,9.0,8.0,14.0,6.0,6825.0,7.0,3.0,71.41666666666667,166.0,26.076923076923077,0.0,0.0,13
DET,9,EA,Y,1.0,2261.0,785.0,442.0,1311.0,563.0,702.0,227.0,564.0,117.0,2697.0,2262.0,718.0,610.0,1089.0,546.0,767.0,276.0,529.0,117.0,2540.0,24.0,10.0,34.0,12.0,5.0,12.0,5.0,14.0,6.0,6850.0,6.0,5.0,71.86666666666666,170.93333333333334,25.666666666666668,,,4
DET,10,EA,Y,1.0,2295.0,744.0,476.0,1248.0,604.0,724.0,278.0,496.0,118.0,2672.0,2151.0,740.0,616.0,1085.0,520.0,762.0,229.0,572.0,119.0,2522.0,22.0,12.0,34.0,14.0,3.0,8.0,9.0,16.0,4.0,6875.0,7.0,2.0,71.53846153846153,168.07692307692307,25.76923076923077,,,4
HOU,1,WE,Y,0.0,0.0,0.0,0.0,0.0,0.0,0.0,0.0,0.0,0.0,0.0,0.0,0.0,0.0,0.0,0.0,0.0,0.0,0.0,0.0,0.0,0.0,0.0,0.0,0.0,0.0,0.0,0.0,0.0,0.0,0.0,0.0,0.0,72.0,167.57142857142858,26.928571428571427,0.0,0.0,7
HOU,2,WE,Y,2.0,1894.0,634.0,491.0,997.0,494.0,554.0,284.0,440.0,104.0,2475.0,1938.0,508.0,418.0,902.0,473.0,648.0,233.0,480.0,85.0,2066.0,27.0,5.0,32.0,14.0,2.0,13.0,3.0,17.0,4.0,6475.0,6.0,1.0,72.21428571428571,173.78571428571428,24.714285714285715,3.5,3.5,8
HOU,3,WE,Y,4.0,1908.0,539.0,435.0,1058.0,426.0,509.0,251.0,436.0,95.0,2047.0,1883.0,504.0,456.0,982.0,452.0,561.0,248.0,433.0,120.0,1994.0,19.0,13.0,32.0,11.0,5.0,8.0,8.0,13.0,8.0,6450.0,1.1,2.0,72.76923076923077,174.30769230769232,24.692307692307693,4.0,6.0,9
HOU,4,WE,Y,2.0,1778.0,585.0,332.0,1001.0,450.0,467.0,260.0,455.0,126.0,2072.0,1880.0,452.0,489.0,973.0,446.0,606.0,262.0,464.0,71.0,1892.0,24.0,8.0,32.0,14.0,2.0,10.0,6.0,16.0,5.0,6425.0,1.0,2.0,72.27272727272727,169.54545454545453,28.5,0.0,0.0,12
HOU,5,WE,N,2.0,1916.0,600.0,344.0,1030.0,465.0,490.0,231.0,450.0,129.0,2244.0,2030.0,448.0,500.0,1006.0,516.0,634.0,227.0,430.0,122.0,2142.0,20.0,14.0,34.0,14.0,3.0,6.0,11.0,14.0,10.0,6825.0,1.0,2.0,71.9090909090909,167.63636363636363,28.363636363636363,2.5,2.5,4
HOU,6,WE,Y,6.0,1933.0,615.0,358.0,1035.0,451.0,555.0,242.0,484.0,107.0,2177.0,2008.0,531.0,434.0,1055.0,539.0,655.0,258.0,471.0,129.0,2211.0,13.0,21.0,34.0,9.0,8.0,4.0,13.0,7.0,15.0,6850.0,1.5,1.5,71.35714285714286,160.57142857142858,28.214285714285715,7.0,7.0,5
HOU,7,WE,Y,3.0,1920.0,690.0,205.0,960.0,467.0,581.0,246.0,425.0,105.0,2309.0,1944.0,559.0,423.0,961.0,541.0,685.0,197.0,481.0,111.0,2263.0,19.0,15.0,34.0,11.0,6.0,8.0,9.0,11.0,11.0,6875.0,2.0,3.0,71.81818181818181,163.45454545454547,27.666666666666668,10.8,10.8,5
HOU,8,WE,N,3.0,2098.0,678.0,472.0,1125.0,532.0,617.0,252.0,566.0,84.0,2507.0,2232.0,615.0,496.0,1124.0,526.0,705.0,298.0,519.0,89.0,2449.0,18.0,16.0,34.0,12.0,5.0,6.0,11.0,11.0,9.0,6925.0,1.5,2.0,71.5,157.14285714285714,29.428571428571427,5.0,10.666666666666666,8
HOU,9,WE,N,5.0,2149.0,721.0,365.0,1144.0,558.0,655.0,289.0,633.0,109.0,2510.0,2190.0,719.0,581.0,1063.0,588.0,677.0,310.0,568.0,160.0,2628.0,13.0,21.0,34.0,7.0,10.0,6.0,11.0,10.0,12.0,6800.0,1.5,1.5,71.53846153846153,162.30769230769232,26.076923076923077,0.0,0.0,13
IND,1,EA,N,0.0,0.0,0.0,0.0,0.0,0.0,0.0,0.0,0.0,0.0,0.0,0.0,0.0,0.0,0.0,0.0,0.0,0.0,0.0,0.0,0.0,0.0,0.0,0.0,0.0,0.0,0.0,0.0,0.0,0.0,0.0,0.0,0.0,71.91666666666667,160.33333333333334,27.25,0.0,0.0,7
IND,2,EA,N,7.0,1838.0,569.0,521.0,932.0,501.0,642.0,271.0,518.0,126.0,2213.0,1868.0,669.0,358.0,954.0,528.0,612.0,267.0,476.0,75.0,2290.0,9.0,23.0,32.0,5.0,11.0,4.0,12.0,7.0,14.0,6425.0,1.0,1.0,72.76923076923077,170.07692307692307,28.076923076923077,12.0,12.0,6
IND,3,EA,Y,6.0,1822.0,591.0,446.0,935.0,458.0,600.0,242.0,491.0,118.0,2153.0,1899.0,583.0,367.0,966.0,565.0,616.0,256.0,466.0,140.0,2249.0,10.0,22.0,32.0,7.0,9.0,3.0,13.0,7.0,14.0,6475.0,1.1,1.1,72.2,163.93333333333334,26.933333333333334,4.666666666666667,4.666666666666667,10
IND,4,EA,N,4.0,1825.0,580.0,543.0,948.0,447.0,559.0,268.0,438.0,100.0,2097.0,1817.0,503.0,464.0,932.0,507.0,647.0,226.0,470.0,145.0,2129.0,16.0,16.0,32.0,10.0,6.0,6.0,10.0,12.0,9.0,6425.0,1.0,2.0,71.66666666666667,169.66666666666666,27.166666666666668,2.3333333333333335,4.666666666666667,8
IND,5,EA,N,5.0,2011.0,563.0,600.0,988.0,539.0,668.0,299.0,474.0,121.0,2337.0,1908.0,638.0,421.0,986.0,570.0,631.0,227.0,512.0,170.0,2321.0,16.0,18.0,34.0,11.0,6.0,5.0,12.0,12.0,12.0,6875.0,1.4,1.3,73.0,166.83333333333334,27.416666666666668,8.0,8.0,4
IND,6,EA,Y,6.0,2011.0,580.0,481.0,1101.0,555.0,639.0,261.0,486.0,134.0,2198.0,1865.0,695.0,352.0,969.0,514.0,603.0,268.0,466.0,162.0,2245.0,15.0,19.0,34.0,10.0,7.0,5.0,12.0,8.0,12.0,6850.0,1.5,1.5,72.53846153846153,165.46153846153845,26.0,2.5,2.5,4
IND,7,EA,Y,2.0,1958.0,595.0,468.0,1012.0,493.0,668.0,336.0,477.0,95.0,2170.0,1798.0,642.0,367.0,990.0,435.0,644.0,234.0,558.0,113.0,2133.0,21.0,13.0,34.0,14.0,3.0,7.0,10.0,14.0,6.0,6925.0,2.0,2.0,72.46153846153847,176.0,27.23076923076923,12.333333333333334,15.666666666666666,4
IND,8,EA,Y,3.0,2144.0,676.0,551.0,1094.0,501.0,606.0,354.0,528.0,93.0,2435.0,2043.0,559.0,444.0,1061.0,507.0,685.0,259.0,617.0,105.0,2316.0,21.0,13.0,34.0,12.0,5.0,9.0,8.0,12.0,8.0,6850.0,1.5,2.0,71.0909090909091,146.0,27.454545454545453,0.0,4.5,5
IND,9,EA,Y,2.0,2167.0,617.0,546.0,1153.0,511.0,646.0,308.0,589.0,136.0,2480.0,2192.0,608.0,483.0,1164.0,475.0,663.0,280.0,610.0,114.0,2370.0,21.0,13.0,34.0,12.0,5.0,9.0,8.0,12.0,8.0,6875.0,3.0,3.0,72.0,170.0909090909091,24.454545454545453,0.0,0.0,4
IND,10,EA,Y,4.0,2179.0,656.0,662.0,1127.0,500.0,727.0,324.0,585.0,165.0,2473.0,2127.0,706.0,415.0,1171.0,477.0,659.0,294.0,608.0,130.0,2457.0,17.0,17.0,34.0,11.0,6.0,6.0,11.0,12.0,8.0,6950.0,1.0,2.0,71.41666666666667,162.5,24.083333333333332,7.0,7.0,6
IND,11,EA,-1,1.0,2212.0,746.0,637.0,1122.0,527.0,692.0,373.0,531.0,117.0,2606.0,2118.0,692.0,483.0,1167.0,498.0,700.0,271.0,638.0,116.0,2501.0,22.0,12.0,34.0,14.0,3.0,8.0,9.0,17.0,5.0,6925.0,6.0,4.0,71.625,167.375,26.25,0.0,2.0,9
LAS,1,WE,Y,0.0,0.0,0.0,0.0,0.0,0.0,0.0,0.0,0.0,0.0,0.0,0.0,0.0,0.0,0.0,0.0,0.0,0.0,0.0,0.0,0.0,0.0,0.0,0.0,0.0,0.0,0.0,0.0,0.0,0.0,0.0,0.0,0.0,72.21428571428571,173.78571428571428,24.714285714285715,3.5,3.5,8
LAS,2,WE,Y,1.0,1956.0,693.0,452.0,1091.0,586.0,705.0,271.0,466.0,156.0,2417.0,1963.0,692.0,413.0,978.0,445.0,650.0,243.0,485.0,105.0,2169.0,28.0,4.0,32.0,15.0,1.0,13.0,3.0,17.0,4.0,6450.0,2.0,2.0,72.76923076923077,174.30769230769232,24.692307692307693,4.0,6.0,9
LAS,3,WE,Y,1.0,2031.0,594.0,436.0,1105.0,596.0,616.0,281.0,438.0,138.0,2441.0,1985.0,547.0,603.0,921.0,538.0,591.0,234.0,453.0,114.0,2166.0,28.0,4.0,32.0,16.0,6.4,12.0,4.0,19.0,2.0,6475.0,6.0,1.0,70.76923076923077,167.46153846153845,25.692307692307693,0.0,0.0,13
LAS,4,WE,Y,1.0,2002.0,645.0,515.0,1143.0,583.0,664.0,257.0,517.0,161.0,2452.0,2040.0,649.0,521.0,959.0,508.0,623.0,275.0,453.0,111.0,2235.0,25.0,7.0,32.0,12.0,4.0,13.0,3.0,17.0,4.0,6475.0,6.0,1.0,72.21428571428571,161.64285714285714,27.071428571428573,0.0,0.0,14
LAS,5,WE,Y,1.0,2140.0,678.0,528.0,1149.0,587.0,682.0,242.0,470.0,161.0,2499.0,2147.0,702.0,540.0,1105.0,572.0,654.0,241.0,468.0,127.0,2432.0,24.0,10.0,34.0,11.0,6.0,13.0,4.0,17.0,7.0,6900.0,5.0,4.0,71.3076923076923,164.23076923076923,27.76923076923077,7.0,7.0,5
LAS,6,WE,Y,1.0,2069.0,722.0,414.0,1121.0,626.0,731.0,262.0,529.0,148.0,2495.0,2095.0,761.0,511.0,1066.0,532.0,704.0,288.0,523.0,114.0,2361.0,25.0,9.0,34.0,15.0,2.0,10.0,7.0,16.0,6.0,6975.0,1.0,2.0,72.53846153846153,164.3846153846154,25.785714285714285,,,14
LAS,7,WE,Y,4.0,2042.0,630.0,387.0,1004.0,551.0,737.0,264.0,492.0,136.0,2326.0,1955.0,709.0,519.0,1041.0,567.0,654.0,247.0,544.0,115.0,2345.0,17.0,17.0,34.0,11.0,6.0,6.0,11.0,12.0,10.0,6800.0,1.2,2.0,71.63636363636364,163.36363636363637,26.583333333333332,,,4
LAS,8,WE,N,1.0,2195.0,726.0,377.0,1202.0,610.0,679.0,296.0,534.0,129.0,2575.0,2184.0,721.0,570.0,1082.0,565.0,636.0,284.0,556.0,128.0,2476.0,25.0,9.0,34.0,15.0,2.0,10.0,7.0,15.0,5.0,6825.0,2.0,3.0,71.5,166.58333333333334,26.692307692307693,,,6
LAS,9,WE,Y,7.0,2305.0,627.0,456.0,1139.0,554.0,732.0,245.0,571.0,107.0,2533.0,2212.0,800.0,537.0,1179.0,616.0,605.0,290.0,550.0,137.0,2708.0,10.0,24.0,34.0,5.0,12.0,5.0,12.0,6.0,16.0,6900.0,1.5,1.5,71.7,168.6,27.636363636363637,,,11
LAS,10,WE,Y,3.0,2248.0,717.0,485.0,1282.0,613.0,713.0,251.0,608.0,216.0,2598.0,2310.0,751.0,547.0,1127.0,513.0,717.0,303.0,523.0,141.0,2523.0,20.0,14.0,34.0,12.0,5.0,8.0,9.0,12.0,8.0,7000.0,3.0,3.0,71.41666666666667,166.0,26.076923076923077,0.0,0.0,13
LAS,11,WE,-1,3.0,2264.0,550.0,512.0,1248.0,587.0,583.0,217.0,568.0,166.0,2533.0,2262.0,623.0,636.0,1050.0,516.0,622.0,300.0,463.0,115.0,2498.0,18.0,16.0,34.0,11.0,6.0,7.0,10.0,11.0,9.0,6925.0,3.0,3.0,72.16666666666667,172.91666666666666,26.0,0.0,0.0,6
MIA,1,EA,N,0.0,0.0,0.0,0.0,0.0,0.0,0.0,0.0,0.0,0.0,0.0,0.0,0.0,0.0,0.0,0.0,0.0,0.0,0.0,0.0,0.0,0.0,0.0,0.0,0.0,0.0,0.0,0.0,0.0,0.0,0.0,0.0,0.0,71.86666666666666,170.93333333333334,25.666666666666668,,,4
MIA,2,EA,Y,6.0,1774.0,664.0,310.0,960.0,415.0,707.0,272.0,524.0,88.0,1831.0,1676.0,627.0,315.0,923.0,416.0,661.0,247.0,528.0,118.0,2001.0,13.0,19.0,32.0,9.0,7.0,4.0,12.0,9.0,12.0,6475.0,1.0,1.0,71.53846153846153,168.07692307692307,25.76923076923077,,,4
MIA,3,EA,N,3.0,1826.0,469.0,295.0,943.0,467.0,602.0,300.0,448.0,153.0,1957.0,1725.0,588.0,395.0,968.0,388.0,538.0,259.0,512.0,87.0,1898.0,20.0,12.0,32.0,10.0,6.0,10.0,6.0,14.0,7.0,6575.0,1.0,2.0,72.21428571428571,160.5,25.214285714285715,,,9
MIN,1,WE,N,0.0,0.0,0.0,0.0,0.0,0.0,0.0,0.0,0.0,0.0,0.0,0.0,0.0,0.0,0.0,0.0,0.0,0.0,0.0,0.0,0.0,0.0,0.0,0.0,0.0,0.0,0.0,0.0,0.0,0.0,0.0,0.0,0.0,72.6,164.4,26.933333333333334,4.0,4.0,8
MIN,2,WE,N,6.0,1831.0,592.0,571.0,870.0,495.0,690.0,237.0,497.0,63.0,2193.0,1758.0,702.0,481.0,977.0,472.0,707.0,275.0,547.0,130.0,2188.0,15.0,17.0,32.0,8.0,8.0,7.0,9.0,5.0,16.0,6425.0,1.0,1.0,72.35714285714286,173.21428571428572,24.642857142857142,0.0,0.0,8
MIN,3,WE,N,6.0,1810.0,727.0,552.0,1001.0,437.0,695.0,210.0,507.0,127.0,2077.0,1927.0,624.0,472.0,1016.0,511.0,719.0,259.0,470.0,126.0,2156.0,12.0,20.0,32.0,6.0,10.0,6.0,10.0,9.0,12.0,6475.0,1.1,1.1,72.0,173.2,27.0,7.25,9.0,10
MIN,4,WE,Y,8.0,1775.0,578.0,500.0,959.0,466.0,617.0,226.0,529.0,102.0,2003.0,1807.0,613.0,389.0,914.0,495.0,618.0,273.0,465.0,117.0,2104.0,10.0,22.0,32.0,7.0,9.0,3.0,13.0,6.0,15.0,6475.0,1.1,1.0,72.66666666666667,143.44444444444446,28.0,6.333333333333333,8.333333333333334,10
MIN,5,WE,Y,4.0,1978.0,624.0,524.0,1079.0,580.0,634.0,242.0,558.0,101.0,2380.0,2067.0,633.0,446.0,989.0,528.0,666.0,271.0,471.0,126.0,2370.0,18.0,16.0,34.0,11.0,6.0,7.0,10.0,14.0,10.0,6850.0,1.0,2.0,72.58333333333333,175.16666666666666,27.666666666666668,8.0,10.333333333333334,4
MIN,6,WE,N,3.0,1900.0,640.0,542.0,1056.0,526.0,660.0,257.0,613.0,139.0,2165.0,1972.0,669.0,330.0,1036.0,508.0,676.0,333.0,502.0,133.0,2190.0,18.0,16.0,34.0,11.0,6.0,7.0,10.0,12.0,10.0,6850.0,1.5,2.0,73.21428571428571,168.71428571428572,25.571428571428573,0.0,16.0,14
MIN,7,WE,N,6.0,1946.0,601.0,492.0,1025.0,531.0,624.0,258.0,536.0,127.0,2211.0,2019.0,592.0,376.0,1055.0,537.0,665.0,275.0,487.0,144.0,2288.0,14.0,20.0,34.0,11.0,6.0,3.0,14.0,9.0,13.0,6850.0,1.2,1.2,72.0,173.2,27.0,7.25,9.0,10
MIN,8,WE,N,7.0,2211.0,681.0,419.0,1144.0,491.0,654.0,193.0,530.0,113.0,2523.0,2314.0,719.0,542.0,1204.0,625.0,633.0,308.0,438.0,124.0,2735.0,10.0,24.0,34.0,8.0,9.0,2.0,15.0,6.0,14.0,6825.0,1.5,1.5,71.16666666666667,162.25,27.75,0.0,0.0,12
MIN,9,WE,N,6.0,2355.0,674.0,496.0,1182.0,596.0,713.0,238.0,561.0,95.0,2636.0,2195.0,785.0,461.0,1118.0,565.0,645.0,279.0,529.0,147.0,2752.0,10.0,24.0,34.0,7.0,10.0,3.0,14.0,8.0,14.0,6875.0,1.5,1.5,71.91666666666667,160.33333333333334,27.25,0.0,0.0,7
MIN,10,WE,N,7.0,2303.0,864.0,413.0,1145.0,557.0,751.0,309.0,472.0,131.0,2767.0,2220.0,809.0,486.0,1212.0,587.0,748.0,248.0,579.0,140.0,2721.0,16.0,18.0,34.0,9.0,8.0,7.0,10.0,8.0,12.0,6900.0,1.6,1.6,71.66666666666667,169.91666666666666,27.416666666666668,2.0,2.0,5
MIN,11,WE,-1,5.0,2257.0,766.0,695.0,1087.0,509.0,693.0,301.0,513.0,128.0,2731.0,2260.0,711.0,510.0,1165.0,589.0,694.0,250.0,543.0,140.0,2827.0,14.0,20.0,34.0,9.0,8.0,5.0,12.0,7.0,13.0,6875.0,1.5,1.6,71.81818181818181,163.45454545454547,27.666666666666668,10.8,10.8,5
NYL,1,EA,Y,0.0,0.0,0.0,0.0,0.0,0.0,0.0,0.0,0.0,0.0,0.0,0.0,0.0,0.0,0.0,0.0,0.0,0.0,0.0,0.0,0.0,0.0,0.0,0.0,0.0,0.0,0.0,0.0,0.0,0.0,0.0,0.0,0.0,72.08333333333333,168.83333333333334,27.083333333333332,0.0,3.0,4
NYL,2,EA,Y,1.0,1815.0,567.0,396.0,940.0,477.0,617.0,246.0,474.0,102.0,2148.0,1822.0,590.0,420.0,967.0,462.0,645.0,223.0,479.0,94.0,2035.0,20.0,12.0,32.0,12.0,4.0,8.0,8.0,14.0,7.0,6425.0,4.0,3.0,71.93333333333334,167.4,26.333333333333332,0.0,0.0,6
NYL,3,EA,Y,2.0,1828.0,500.0,421.0,915.0,553.0,616.0,265.0,437.0,82.0,2162.0,1759.0,640.0,394.0,983.0,430.0,600.0,223.0,496.0,76.0,2082.0,21.0,11.0,32.0,13.0,3.0,8.0,8.0,13.0,8.0,6400.0,3.0,3.0,71.61538461538461,169.3846153846154,26.0,0.0,0.0,6
NYL,4,EA,N,1.0,1740.0,567.0,400.0,870.0,496.0,638.0,261.0,458.0,100.0,2089.0,1733.0,645.0,434.0,961.0,410.0,597.0,228.0,478.0,88.0,2015.0,18.0,14.0,32.0,10.0,6.0,8.0,8.0,11.0,10.0,6450.0,4.0,4.0,71.6923076923077,170.23076923076923,26.23076923076923,3.5,3.5,2
NYL,5,EA,Y,6.0,1923.0,537.0,500.0,957.0,527.0,587.0,262.0,470.0,128.0,2243.0,1959.0,581.0,467.0,1062.0,506.0,614.0,269.0,480.0,96.0,2256.0,16.0,18.0,34.0,11.0,6.0,5.0,12.0,11.0,13.0,6850.0,1.4,1.3,71.7,168.6,27.636363636363637,,,11
NYL,6,EA,Y,2.0,1932.0,531.0,617.0,1004.0,539.0,587.0,209.0,506.0,124.0,2252.0,2096.0,579.0,416.0,1101.0,517.0,589.0,288.0,430.0,123.0,2297.0,18.0,16.0,34.0,11.0,6.0,7.0,10.0,10.0,10.0,6900.0,2.0,3.0,71.41666666666667,166.0,26.076923076923077,0.0,0.0,13
NYL,7,EA,N,3.0,1860.0,552.0,605.0,974.0,498.0,613.0,214.0,462.0,112.0,2316.0,2012.0,608.0,398.0,1030.0,473.0,590.0,275.0,411.0,86.0,2285.0,18.0,16.0,34.0,10.0,7.0,8.0,9.0,9.0,11.0,6925.0,1.2,2.0,71.86666666666666,170.93333333333334,25.666666666666668,,,4
NYL,8,EA,Y,5.0,2069.0,650.0,645.0,1021.0,475.0,674.0,252.0,576.0,112.0,2372.0,2153.0,722.0,461.0,1173.0,508.0,668.0,270.0,485.0,134.0,2656.0,11.0,23.0,34.0,7.0,10.0,4.0,13.0,7.0,13.0,6875.0,1.5,1.5,71.86666666666666,164.6,25.8,0.0,0.0,9
NYL,9,EA,Y,4.0,2087.0,580.0,653.0,1075.0,500.0,618.0,289.0,612.0,109.0,2413.0,2223.0,619.0,589.0,1215.0,509.0,608.0,321.0,562.0,115.0,2501.0,16.0,18.0,34.0,10.0,7.0,6.0,11.0,10.0,10.0,6850.0,1.0,2.0,72.07142857142857,166.64285714285714,27.5,0.0,0.0,7
NYL,10,EA,N,3.0,2168.0,653.0,706.0,1105.0,551.0,655.0,290.0,547.0,117.0,2573.0,2163.0,674.0,485.0,1175.0,496.0,625.0,285.0,559.0,109.0,2538.0,19.0,15.0,34.0,11.0,6.0,8.0,9.0,11.0,9.0,6900.0,3.0,3.0,72.41666666666667,167.83333333333334,27.416666666666668,2.5,4.25,6
NYL,11,EA,-1,7.0,2168.0,582.0,710.0,1082.0,526.0,637.0,276.0,543.0,121.0,2512.0,2157.0,673.0,554.0,1202.0,482.0,590.0,269.0,548.0,124.0,2535.0,13.0,21.0,34.0,8.0,9.0,5.0,12.0,9.0,13.0,6900.0,1.5,1.6,72.0,161.6153846153846,28.0,10.0,17.333333333333332,7
ORL,1,EA,Y,0.0,0.0,0.0,0.0,0.0,0.0,0.0,0.0,0.0,0.0,0.0,0.0,0.0,0.0,0.0,0.0,0.0,0.0,0.0,0.0,0.0,0.0,0.0,0.0,0.0,0.0,0.0,0.0,0.0,0.0,0.0,0.0,0.0,72.21428571428571,161.64285714285714,27.071428571428573,0.0,0.0,14
ORL,2,EA,N,3.0,1911.0,546.0,424.0,925.0,473.0,583.0,255.0,486.0,130.0,2208.0,1964.0,495.0,450.0,1017.0,536.0,637.0,264.0,500.0,108.0,2233.0,16.0,16.0,32.0,11.0,5.0,5.0,11.0,13.0,8.0,6500.0,1.0,2.0,73.15384615384616,167.15384615384616,27.692307692307693,0.0,0.0,5
ORL,3,EA,N,5.0,1914.0,587.0,532.0,970.0,452.0,643.0,320.0,532.0,125.0,2140.0,1831.0,605.0,438.0,975.0,534.0,600.0,298.0,546.0,114.0,2205.0,13.0,19.0,32.0,10.0,6.0,3.0,13.0,9.0,12.0,6450.0,1.1,1.1,72.92857142857143,164.21428571428572,25.533333333333335,0.0,0.0,7
PHO,1,WE,Y,0.0,0.0,0.0,0.0,0.0,0.0,0.0,0.0,0.0,0.0,0.0,0.0,0.0,0.0,0.0,0.0,0.0,0.0,0.0,0.0,0.0,0.0,0.0,0.0,0.0,0.0,0.0,0.0,0.0,0.0,0.0,0.0,0.0,73.15384615384616,168.76923076923077,25.692307692307693,6.333333333333333,8.666666666666666,7
PHO,2,WE,N,4.0,1800.0,661.0,394.0,894.0,465.0,630.0,285.0,429.0,91.0,2243.0,1828.0,574.0,416.0,969.0,486.0,699.0,224.0,531.0,91.0,2102.0,20.0,12.0,32.0,11.0,5.0,9.0,7.0,11.0,10.0,6425.0,1.0,2.0,72.46153846153847,176.0,27.23076923076923,12.333333333333334,15.666666666666666,4
PHO,3,WE,N,5.0,1894.0,587.0,313.0,942.0,514.0,625.0,292.0,519.0,138.0,2064.0,1892.0,584.0,391.0,1031.0,524.0,603.0,283.0,517.0,127.0,2169.0,13.0,19.0,32.0,10.0,6.0,3.0,13.0,8.0,13.0,6450.0,1.1,1.1,71.33333333333333,166.66666666666666,25.133333333333333,0.0,0.0,8
PHO,4,WE,N,7.0,1889.0,538.0,328.0,918.0,427.0,623.0,267.0,501.0,94.0,2091.0,1870.0,608.0,388.0,1001.0,532.0,600.0,268.0,491.0,127.0,2291.0,11.0,21.0,32.0,10.0,6.0,1.0,15.0,7.0,14.0,6400.0,1.1,1.0,72.46153846153847,170.0,26.53846153846154,2.6666666666666665,2.6666666666666665,8
PHO,5,WE,N,7.0,2095.0,556.0,349.0,1000.0,461.0,664.0,310.0,479.0,111.0,2097.0,1867.0,626.0,371.0,1114.0,509.0,667.0,275.0,610.0,146.0,2270.0,8.0,26.0,34.0,6.0,11.0,2.0,15.0,5.0,19.0,6925.0,1.4,1.3,73.15384615384616,168.76923076923077,25.692307692307693,6.333333333333333,8.666666666666666,7
PHO,6,WE,N,5.0,1922.0,598.0,519.0,916.0,501.0,748.0,282.0,464.0,137.0,2300.0,1845.0,724.0,348.0,1020.0,456.0,660.0,226.0,536.0,137.0,2235.0,17.0,17.0,34.0,10.0,7.0,7.0,10.0,11.0,11.0,6825.0,1.5,1.5,72.21428571428571,160.5,25.214285714285715,,,9
PHO,7,WE,N,5.0,1994.0,693.0,539.0,1062.0,549.0,697.0,243.0,517.0,179.0,2361.0,1993.0,720.0,332.0,1024.0,470.0,672.0,265.0,483.0,112.0,2354.0,16.0,18.0,34.0,11.0,6.0,5.0,12.0,12.0,10.0,6800.0,1.2,1.2,72.35714285714286,173.21428571428572,24.642857142857142,0.0,0.0,8
PHO,8,WE,Y,5.0,2434.0,684.0,722.0,1145.0,640.0,741.0,275.0,442.0,127.0,2960.0,2360.0,852.0,618.0,1283.0,578.0,669.0,231.0,537.0,126.0,2879.0,18.0,16.0,34.0,10.0,7.0,8.0,9.0,8.0,12.0,6900.0,1.5,1.5,71.84615384615384,173.07692307692307,24.46153846153846,6.0,6.0,4
PHO,9,WE,N,1.0,2419.0,754.0,802.0,1152.0,683.0,658.0,285.0,486.0,159.0,3025.0,2526.0,716.0,762.0,1390.0,628.0,684.0,244.0,595.0,109.0,2904.0,23.0,11.0,34.0,12.0,5.0,11.0,6.0,17.0,5.0,6850.0,7.0,2.0,72.72727272727273,179.1818181818182,25.0,6.0,6.0,2
PHO,10,WE,Y,6.0,2485.0,773.0,701.0,1226.0,560.0,794.0,232.0,489.0,156.0,3010.0,2460.0,932.0,695.0,1298.0,650.0,717.0,234.0,500.0,129.0,3009.0,16.0,18.0,34.0,10.0,7.0,6.0,11.0,8.0,12.0,6825.0,1.6,1.6,71.6923076923077,168.84615384615384,26.53846153846154,0.0,0.0,13
PHO,11,WE,-1,1.0,2454.0,752.0,665.0,1190.0,625.0,740.0,225.0,500.0,181.0,3156.0,2582.0,851.0,608.0,1285.0,607.0,671.0,260.0,460.0,143.0,3031.0,23.0,11.0,34.0,12.0,5.0,11.0,6.0,13.0,7.0,6900.0,7.0,4.0,71.57142857142857,162.92857142857142,27.866666666666667,9.0,27.333333333333332,8
POR,1,WE,N,0.0,0.0,0.0,0.0,0.0,0.0,0.0,0.0,0.0,0.0,0.0,0.0,0.0,0.0,0.0,0.0,0.0,0.0,0.0,0.0,0.0,0.0,0.0,0.0,0.0,0.0,0.0,0.0,0.0,0.0,0.0,0.0,0.0,72.28571428571429,166.35714285714286,27.071428571428573,0.0,0.0,7
POR,2,WE,N,7.0,1828.0,697.0,433.0,936.0,480.0,761.0,265.0,593.0,93.0,2155.0,1847.0,766.0,447.0,953.0,487.0,729.0,277.0,531.0,130.0,2303.0,10.0,22.0,32.0,6.0,10.0,4.0,12.0,4.0,17.0,6525.0,1.0,1.0,72.64285714285714,165.85714285714286,29.857142857142858,0.0,0.0,5
POR,3,WE,N,7.0,1891.0,612.0,519.0,996.0,451.0,633.0,244.0,500.0,106.0,2088.0,1944.0,656.0,410.0,1106.0,501.0,643.0,293.0,474.0,144.0,2202.0,11.0,21.0,32.0,6.0,10.0,5.0,11.0,5.0,16.0,6525.0,1.1,1.1,72.16666666666667,161.25,25.666666666666668,3.0,3.0,5
SAC,1,WE,Y,0.0,0.0,0.0,0.0,0.0,0.0,0.0,0.0,0.0,0.0,0.0,0.0,0.0,0.0,0.0,0.0,0.0,0.0,0.0,0.0,0.0,0.0,0.0,0.0,0.0,0.0,0.0,0.0,0.0,0.0,0.0,0.0,0.0,71.0,158.3846153846154,26.846153846153847,3.0,3.0,6
SAC,2,WE,Y,3.0,1993.0,650.0,459.0,1038.0,567.0,571.0,332.0,458.0,157.0,2343.0,1918.0,544.0,418.0,951.0,503.0,600.0,226.0,524.0,116.0,2176.0,21.0,11.0,32.0,13.0,3.0,8.0,8.0,13.0,8.0,6400.0,1.0,2.0,71.83333333333333,169.66666666666666,27.25,2.5,5.5,6
SAC,3,WE,N,2.0,1974.0,618.0,423.0,1097.0,558.0,588.0,276.0,494.0,158.0,2294.0,2003.0,578.0,400.0,1005.0,496.0,616.0,261.0,481.0,143.0,2139.0,20.0,12.0,32.0,12.0,4.0,8.0,8.0,13.0,8.0,6525.0,3.0,2.0,72.6,173.26666666666668,27.266666666666666,0.0,5.5,6
SAC,4,WE,Y,6.0,1945.0,653.0,395.0,949.0,500.0,675.0,247.0,456.0,109.0,2166.0,1944.0,681.0,453.0,1075.0,493.0,633.0,233.0,496.0,128.0,2294.0,14.0,18.0,32.0,10.0,6.0,4.0,12.0,8.0,13.0,6575.0,1.1,1.0,71.625,167.375,26.25,0.0,2.0,9
SAC,5,WE,Y,3.0,2107.0,626.0,473.0,1067.0,568.0,641.0,297.0,461.0,122.0,2299.0,1991.0,597.0,467.0,1096.0,516.0,640.0,224.0,576.0,141.0,2216.0,19.0,15.0,34.0,12.0,5.0,7.0,10.0,13.0,11.0,6825.0,3.0,3.0,72.16666666666667,172.91666666666666,26.0,0.0,0.0,6
SAC,6,WE,Y,4.0,2072.0,604.0,365.0,1024.0,519.0,641.0,314.0,485.0,118.0,2312.0,1872.0,631.0,458.0,986.0,513.0,646.0,241.0,593.0,117.0,2241.0,18.0,16.0,34.0,10.0,7.0,8.0,9.0,12.0,10.0,6900.0,3.0,3.0,73.28571428571429,170.07142857142858,27.5,16.2,26.4,8
SAC,7,WE,Y,1.0,1986.0,721.0,360.0,1043.0,527.0,684.0,304.0,500.0,108.0,2329.0,1823.0,653.0,376.0,967.0,463.0,723.0,235.0,622.0,132.0,2093.0,25.0,9.0,34.0,15.0,2.0,10.0,7.0,17.0,5.0,6800.0,7.0,1.0,71.66666666666667,168.0,27.083333333333332,3.25,3.25,4
SAC,8,WE,Y,2.0,2190.0,741.0,461.0,1138.0,509.0,670.0,330.0,542.0,88.0,2537.0,2021.0,661.0,507.0,1019.0,507.0,687.0,244.0,633.0,143.0,2404.0,21.0,13.0,34.0,14.0,3.0,7.0,10.0,10.0,10.0,6875.0,6.0,3.0,71.0909090909091,146.0,27.454545454545453,0.0,4.5,5
SAC,9,WE,Y,3.0,2214.0,745.0,429.0,1175.0,537.0,642.0,325.0,611.0,101.0,2527.0,2081.0,664.0,547.0,1026.0,542.0,689.0,274.0,649.0,141.0,2480.0,19.0,15.0,34.0,12.0,5.0,7.0,10.0,12.0,10.0,6950.0,1.0,2.0,71.53846153846153,168.07692307692307,25.76923076923077,,,4
SAC,10,WE,N,4.0,2159.0,816.0,438.0,1109.0,473.0,690.0,319.0,586.0,77.0,2545.0,2128.0,622.0,542.0,1075.0,581.0,759.0,267.0,624.0,206.0,2571.0,18.0,16.0,34.0,13.0,4.0,5.0,12.0,9.0,11.0,6800.0,1.0,2.0,71.72727272727273,166.0,26.181818181818183,7.0,7.0,3
SAS,4,WE,N,3.8,1595.8,502.4,373.4,844.6,418.1,519.4,210.9,406.1,96.9,1837.1,1602.6,500.0,370.4,827.8,414.6,521.9,213.1,398.9,97.4,1837.0,13.5,13.9,27.4,8.1,5.6,5.4,8.4,8.9,9.1,5541.1,1.1,1.0,72.0,161.6153846153846,28.0,10.0,17.333333333333332,7
SAS,5,WE,N,6.0,2068.0,736.0,315.0,1145.0,428.0,728.0,187.0,513.0,167.0,2215.0,2176.0,745.0,482.0,1172.0,530.0,669.0,275.0,424.0,140.0,2427.0,12.0,22.0,34.0,9.0,8.0,3.0,14.0,10.0,14.0,6825.0,1.4,1.3,72.16666666666667,167.41666666666666,25.416666666666668,0.0,0.0,12
SAS,6,WE,N,7.0,1940.0,628.0,247.0,1003.0,493.0,628.0,272.0,513.0,106.0,2191.0,2003.0,564.0,469.0,1034.0,575.0,624.0,280.0,492.0,129.0,2364.0,9.0,25.0,34.0,6.0,11.0,3.0,14.0,6.0,16.0,6875.0,1.5,1.5,71.61538461538461,169.3846153846154,26.0,0.0,0.0,6
SAS,7,WE,N,7.0,1833.0,652.0,339.0,946.0,433.0,650.0,195.0,535.0,90.0,2141.0,2059.0,611.0,408.0,1055.0,563.0,685.0,283.0,429.0,148.0,2401.0,7.0,27.0,34.0,5.0,12.0,2.0,15.0,3.0,19.0,6800.0,1.2,1.2,71.6923076923077,170.23076923076923,26.23076923076923,3.5,3.5,2
SAS,8,WE,Y,6.0,2255.0,672.0,556.0,1168.0,540.0,610.0,246.0,488.0,83.0,2523.0,2262.0,640.0,459.0,1237.0,560.0,641.0,254.0,480.0,129.0,2603.0,13.0,21.0,34.0,6.0,11.0,7.0,10.0,10.0,10.0,6800.0,1.5,1.5,72.07142857142857,166.64285714285714,27.5,0.0,0.0,7
SAS,9,WE,Y,2.0,2176.0,577.0,566.0,1087.0,567.0,653.0,283.0,558.0,130.0,2517.0,2139.0,688.0,454.0,1137.0,516.0,619.0,257.0,583.0,137.0,2484.0,20.0,14.0,34.0,9.0,8.0,11.0,6.0,13.0,9.0,6875.0,2.0,3.0,72.41666666666667,167.83333333333334,27.416666666666668,2.5,4.25,6
SAS,10,WE,Y,1.0,2080.0,694.0,539.0,1093.0,601.0,602.0,272.0,525.0,150.0,2546.0,2271.0,634.0,483.0,1206.0,500.0,666.0,278.0,528.0,109.0,2418.0,24.0,10.0,34.0,15.0,2.0,9.0,8.0,10.0,10.0,6850.0,4.0,5.0,71.66666666666667,168.0,27.083333333333332,3.25,3.25,4
SAS,11,WE,-1,4.0,2190.0,626.0,739.0,1049.0,598.0,596.0,257.0,509.0,116.0,2615.0,2279.0,620.0,499.0,1188.0,529.0,643.0,268.0,502.0,120.0,2661.0,15.0,19.0,34.0,10.0,7.0,5.0,12.0,10.0,10.0,6950.0,1.0,2.0,71.36363636363636,170.36363636363637,29.545454545454547,13.5,32.5,6
SEA,1,WE,N,0.0,0.0,0.0,0.0,0.0,0.0,0.0,0.0,0.0,0.0,0.0,0.0,0.0,0.0,0.0,0.0,0.0,0.0,0.0,0.0,0.0,0.0,0.0,0.0,0.0,0.0,0.0,0.0,0.0,0.0,0.0,0.0,0.0,71.66666666666667,169.66666666666666,27.166666666666668,2.3333333333333335,4.666666666666667,8
SEA,2,WE,N,8.0,1740.0,561.0,364.0,793.0,390.0,648.0,255.0,525.0,93.0,1822.0,1721.0,654.0,334.0,1009.0,506.0,618.0,284.0,529.0,123.0,2171.0,6.0,26.0,32.0,4.0,12.0,2.0,14.0,4.0,17.0,6475.0,1.0,1.0,72.58333333333333,175.16666666666666,27.666666666666668,8.0,10.333333333333334,4
SEA,3,WE,Y,8.0,1821.0,606.0,412.0,891.0,412.0,605.0,273.0,431.0,127.0,1921.0,1750.0,559.0,325.0,1052.0,492.0,588.0,228.0,519.0,127.0,2048.0,10.0,22.0,32.0,5.0,11.0,5.0,11.0,6.0,15.0,6550.0,1.1,1.1,72.0,173.2,27.0,7.25,9.0,10
SEA,4,WE,N,4.0,1948.0,543.0,506.0,995.0,514.0,623.0,282.0,477.0,151.0,2188.0,1818.0,587.0,342.0,969.0,488.0,563.0,254.0,531.0,125.0,2103.0,17.0,15.0,32.0,10.0,6.0,7.0,9.0,10.0,11.0,6450.0,1.1,2.0,71.85714285714286,173.71428571428572,28.071428571428573,7.6,12.2,8
SEA,5,WE,Y,5.0,2045.0,567.0,500.0,1074.0,548.0,644.0,232.0,465.0,138.0,2388.0,2039.0,591.0,437.0,1041.0,456.0,570.0,245.0,459.0,104.0,2274.0,18.0,16.0,34.0,13.0,4.0,5.0,12.0,11.0,13.0,6850.0,1.4,1.3,72.23076923076923,179.3846153846154,27.23076923076923,0.0,0.0,13
SEA,6,WE,Y,2.0,2025.0,676.0,439.0,1059.0,552.0,665.0,302.0,499.0,131.0,2437.0,1989.0,592.0,391.0,982.0,507.0,678.0,252.0,527.0,137.0,2264.0,20.0,14.0,34.0,13.0,4.0,7.0,10.0,13.0,9.0,6825.0,6.0,2.0,72.35714285714286,165.57142857142858,26.2,,,10
SEA,7,WE,Y,2.0,2066.0,688.0,429.0,1099.0,520.0,657.0,201.0,516.0,158.0,2498.0,2163.0,646.0,419.0,1020.0,568.0,691.0,267.0,438.0,154.0,2407.0,20.0,14.0,34.0,14.0,3.0,6.0,11.0,13.0,9.0,6825.0,1.0,2.0,72.0,162.9,27.0,0.0,0.0,3
SEA,8,WE,Y,4.0,2124.0,712.0,475.0,1148.0,514.0,682.0,232.0,570.0,127.0,2644.0,2218.0,707.0,484.0,1031.0,520.0,683.0,297.0,485.0,115.0,2575.0,18.0,16.0,34.0,9.0,8.0,9.0,8.0,10.0,10.0,6800.0,1.0,2.0,71.86666666666666,164.6,25.8,0.0,0.0,9
SEA,9,WE,Y,4.0,2210.0,715.0,639.0,1164.0,533.0,620.0,242.0,533.0,151.0,2734.0,2321.0,586.0,528.0,1094.0,591.0,642.0,272.0,495.0,112.0,2647.0,17.0,17.0,34.0,12.0,5.0,5.0,12.0,11.0,11.0,6825.0,1.5,2.0,72.07142857142857,166.64285714285714,27.5,0.0,0.0,7
SEA,10,WE,Y,2.0,2112.0,728.0,453.0,1162.0,530.0,684.0,269.0,526.0,140.0,2493.0,2164.0,680.0,539.0,1092.0,498.0,674.0,263.0,515.0,115.0,2406.0,22.0,12.0,34.0,16.0,1.0,6.0,11.0,13.0,7.0,6800.0,1.0,2.0,72.41666666666667,167.83333333333334,27.416666666666668,2.5,4.25,6
SEA,11,WE,-1,2.0,2116.0,707.0,486.0,1104.0,536.0,710.0,276.0,555.0,150.0,2544.0,2150.0,671.0,585.0,1078.0,517.0,672.0,275.0,555.0,131.0,2476.0,20.0,14.0,34.0,13.0,4.0,7.0,10.0,13.0,7.0,7025.0,1.0,2.0,72.61538461538461,172.15384615384616,26.76923076923077,2.5,2.5,6
TUL,11,WE,-1,3.3,2067.6,641.3,529.5,1049.9,504.0,616.6,255.6,491.8,123.8,2447.2,2071.7,646.8,497.0,1070.8,501.0,615.8,256.3,493.7,118.7,2441.2,15.9,15.2,31.2,10.3,5.2,5.6,10.0,10.0,9.3,6343.8,1.5,1.6,71.16666666666667,162.25,27.75,0.0,0.0,12
UTA,1,WE,N,0.0,0.0,0.0,0.0,0.0,0.0,0.0,0.0,0.0,0.0,0.0,0.0,0.0,0.0,0.0,0.0,0.0,0.0,0.0,0.0,0.0,0.0,0.0,0.0,0.0,0.0,0.0,0.0,0.0,0.0,0.0,0.0,0.0,73.15384615384616,168.76923076923077,25.692307692307693,6.333333333333333,8.666666666666666,7
UTA,2,WE,Y,5.0,1896.0,790.0,262.0,1080.0,522.0,698.0,214.0,544.0,157.0,2413.0,1964.0,721.0,448.0,911.0,503.0,702.0,301.0,437.0,112.0,2407.0,18.0,14.0,32.0,12.0,4.0,6.0,10.0,13.0,8.0,6400.0,1.0,1.0,72.85714285714286,170.85714285714286,26.142857142857142,6.25,8.0,8
UTA,3,WE,Y,3.0,1849.0,675.0,244.0,1070.0,524.0,622.0,202.0,493.0,156.0,2207.0,1976.0,660.0,429.0,974.0,478.0,645.0,275.0,390.0,148.0,2192.0,19.0,13.0,32.0,9.0,7.0,10.0,6.0,11.0,10.0,6475.0,1.1,2.0,72.92857142857143,171.07142857142858,26.642857142857142,8.75,13.0,6
WAS,1,EA,Y,0.0,0.0,0.0,0.0,0.0,0.0,0.0,0.0,0.0,0.0,0.0,0.0,0.0,0.0,0.0,0.0,0.0,0.0,0.0,0.0,0.0,0.0,0.0,0.0,0.0,0.0,0.0,0.0,0.0,0.0,0.0,0.0,0.0,73.28571428571429,170.07142857142858,27.5,16.2,26.4,8
WAS,2,EA,N,4.0,1813.0,578.0,335.0,946.0,521.0,597.0,245.0,506.0,126.0,2176.0,1875.0,555.0,397.0,911.0,513.0,595.0,261.0,456.0,102.0,2221.0,14.0,18.0,32.0,7.0,9.0,7.0,9.0,13.0,8.0,6400.0,1.0,2.0,72.46153846153847,176.0,27.23076923076923,12.333333333333334,15.666666666666666,4
WAS,3,EA,Y,8.0,1915.0,504.0,418.0,1055.0,424.0,537.0,257.0,495.0,127.0,1928.0,1945.0,467.0,408.0,1068.0,487.0,543.0,261.0,454.0,103.0,2075.0,10.0,22.0,32.0,8.0,8.0,2.0,14.0,4.0,17.0,6500.0,1.1,1.1,72.0,167.57142857142858,26.928571428571427,0.0,0.0,7
WAS,4,EA,N,3.0,1910.0,478.0,443.0,1038.0,516.0,583.0,221.0,455.0,94.0,2135.0,1903.0,538.0,446.0,989.0,442.0,570.0,237.0,441.0,101.0,2116.0,17.0,15.0,32.0,9.0,7.0,8.0,8.0,12.0,9.0,6450.0,3.0,2.0,71.64285714285714,169.14285714285714,25.785714285714285,,,6
WAS,5,EA,Y,7.0,2191.0,507.0,505.0,1085.0,568.0,676.0,213.0,462.0,99.0,2330.0,2033.0,691.0,482.0,1115.0,591.0,565.0,251.0,468.0,119.0,2498.0,9.0,25.0,34.0,3.0,14.0,6.0,11.0,7.0,17.0,6875.0,1.4,1.3,71.53846153846153,162.30769230769232,26.076923076923077,0.0,0.0,13
WAS,6,EA,N,4.0,2088.0,661.0,283.0,1063.0,467.0,652.0,255.0,424.0,128.0,2325.0,2013.0,686.0,425.0,1106.0,534.0,627.0,237.0,492.0,111.0,2384.0,17.0,17.0,34.0,11.0,6.0,6.0,11.0,9.0,11.0,6850.0,1.0,2.0,71.91666666666667,160.33333333333334,27.25,0.0,0.0,7
WAS,7,EA,Y,5.0,1968.0,546.0,510.0,943.0,517.0,697.0,260.0,435.0,76.0,2263.0,1872.0,648.0,433.0,1024.0,545.0,638.0,205.0,504.0,108.0,2305.0,16.0,18.0,34.0,10.0,7.0,6.0,11.0,9.0,11.0,6900.0,1.2,1.2,72.2,163.93333333333334,26.933333333333334,4.666666666666667,4.666666666666667,10
WAS,8,EA,N,4.0,2199.0,715.0,522.0,1100.0,576.0,784.0,306.0,541.0,113.0,2747.0,2102.0,851.0,553.0,1041.0,583.0,687.0,252.0,573.0,89.0,2657.0,18.0,16.0,34.0,13.0,4.0,5.0,12.0,12.0,8.0,6850.0,1.5,2.0,71.72727272727273,169.54545454545453,28.636363636363637,1.75,1.75,11
WAS,9,EA,N,5.0,2170.0,839.0,528.0,1118.0,472.0,763.0,282.0,571.0,133.0,2585.0,2216.0,801.0,520.0,1208.0,549.0,762.0,256.0,579.0,103.0,2639.0,16.0,18.0,34.0,8.0,9.0,8.0,9.0,8.0,12.0,6900.0,1.5,1.5,71.0909090909091,166.63636363636363,26.363636363636363,1.75,1.75,6
WAS,10,EA,Y,6.0,2131.0,659.0,460.0,1132.0,483.0,757.0,241.0,637.0,93.0,2368.0,2096.0,760.0,528.0,1093.0,542.0,708.0,314.0,530.0,146.0,2601.0,10.0,24.0,34.0,6.0,11.0,4.0,13.0,6.0,14.0,6825.0,1.6,1.6,71.16666666666667,162.25,27.75,0.0,0.0,12
WAS,11,EA,-1,4.0,2205.0,827.0,426.0,1191.0,453.0,725.0,314.0,607.0,118.0,2585.0,2184.0,755.0,478.0,1111.0,524.0,778.0,315.0,576.0,156.0,2622.0,16.0,18.0,34.0,11.0,6.0,5.0,12.0,10.0,12.0,6875.0,1.5,2.0,71.76923076923077,162.92307692307693,27.46153846153846,0.0,0.0,5
